File;x_mean;x_std;x_min;x_max;x_25;x_50;x_75;y_mean;y_std;y_min;y_max;y_25;y_50;y_75;False Fixation, per minute;False Saccades, per minute;Saccades with amplitude > 6 degrees, per minute;Saccades with amplitude < 6 degrees, per minute;Max Curve;Average Curve;Min Curve;Time Frame;Saccades time;Fixation time < 150 ms;Fixation time > 150 ms;Fixation time between 150 and 900 ms;Fixation time > 900 ms;Fixation time < 180 ms;Fixation time > 180 ms;% of Fixations < 150 ms;% of Fixations > 150 ms;% of Fixations between 150 and 900 ms;% of Fixations > 900 ms;% of Fixations < 180 ms;% of Fixations > 180 ms;Fixation time < 150 ms, per time;Fixation time > 150 ms, per time;Fixation time between 150 and 900 ms, per time;Fixation time > 900 ms, per time;Fixation time < 180 ms, per time;Fixation time > 180 ms, per time;% of Fixations < 150 ms, per minute;% of Fixations > 150 ms, per minute;% of Fixations between 150 and 900 ms, per minute;% of Fixations > 900 ms, per minute;% of Fixations < 180 ms, per minute;% of Fixations > 180 ms, per minute;Fixation Frequency;Average Fix Frequency in interval (1s);Max Fix Frequency in interval (1s);Average Acceleration;Min Acceleration;Max Acceleration;Average Speed;Min Speed;Max Speed;Average Acceleration in interval (1s);Min Acceleration in interval (1s);Max Acceleration in interval (1s);Average Speed in interval (1s);Min Speed in interval (1s);Max Speed in interval (1s);Average Fixation Speed;Min Fixation Speed;Max Fixation Speed;Average Fixation Speed, < 150ms;Min Fixation Speed, < 150ms;Max Fixation Speed, < 150ms;Average Fixation Speed, > 150ms;Min Fixation Speed, > 150ms;Max Fixation Speed, > 150ms;Average Saccade Speed;Min Saccade Speed;Max Saccade Speed;Average Saccade Length;Min Saccade Length;Max Saccade Length;Average Saccade Time;Min Saccade Time;Max Saccade Time
23-01-25-game-morning-sync.csv;0.5082469647861404;0.044302845368010796;0.11292592216940488;0.7305293924668256;0.4855675837572883;0.5068010161904728;0.5245916282429415;0.5334909330270586;0.07662429624447042;0.12151037145543986;0.7642201600251375;0.5230880596019604;0.5508484310574002;0.571829958315249;11.659767908025216;449.70629704930406;23.57721024495707;15.202791305491443;29.9782342330621;0.7540503239206046;1.000005893665674;931.407905;29.87401001000018;4.223021999999679;897.2067550000003;109.77801900000006;787.4287360000002;8.406396999999606;893.0233800000004;14.457831325301203;85.54216867469879;49.5697074010327;35.9724612736661;18.76075731497418;81.23924268502581;0.00453401992545863;0.963280159190833;0.11786245146802792;0.845417707722805;0.009025473108905604;0.9587887060073861;5.411163007039327;32.01604779164935;18.55255888127769;13.463488910371659;7.021628187705794;30.405582610982886;0.6474070026279195;0.6445124861696172;8.965214965931338;2719.5039141340717;0.005487361557211566;4613.100473435214;27.655011041261552;0.010760487379390112;3952.0757055094755;24.294131050904753;0.005487361557211566;171.50755314571384;27.587064901614916;4.174144101592139;221.56075540756225;14.653862312932196;6.7254623187903935;861.5480443814865;81.31671082516633;19.776363289906215;861.5480443814865;14.340089958751394;6.7254623187903935;86.30103788723743;419.70134060988454;109.5381893014728;1063.628030544084;20.792971891526015;1.755568559935606;123.73716693334536;0.0495423051575459;0.01200099999999793;0.1361060000000407
23-01-25-paper-morning-sync.csv;0.5081961801726794;0.05661806710583109;0.07171899430892047;0.7901021172018612;0.46336786887224984;0.5062661451451919;0.5533334507661707;0.5286780459102258;0.05895754580964954;0.09747240984881367;0.7267012984664352;0.5123691134982639;0.5378707603172019;0.5589523456714771;5.917284500539315;516.5852995685882;24.17815172263376;11.198301850483006;39.68845188220897;0.8296801236868;1.000000581275129;943.0001210000001;23.138293010001533;4.1315130000001155;915.6656099999984;68.78642099999978;846.8791889999986;5.120419000000108;914.6767039999985;13.211009174311927;86.78899082568807;26.605504587155966;60.18348623853211;14.311926605504588;85.68807339449542;0.0043812433402647625;0.9710132476218402;0.0729442334822349;0.8980690141396053;0.0054299240116429505;0.9699645669504621;4.5811234842885025;30.09543622317308;9.225873683636568;20.86956253953651;4.962883774645878;29.713675932815704;0.5906680048029388;0.5897101637531055;7.974584997612407;2694.181696783839;0.004131114858864172;4270.264813042087;25.001156327811852;0.026804487440138573;4863.095775183722;17.75130170302281;0.004131114858864172;241.95018832247143;25.002700208244903;4.811691731851001;269.92945204556753;16.151225570082193;8.640883637176726;462.8480609723434;73.44556713034098;20.480509600148775;462.8480609723434;15.892711638537753;8.640883637176726;96.49519398982586;376.6566890585771;99.79067843721307;972.020167065886;15.674807258299273;1.7058732502111953;96.60103116845191;0.0416156349100747;0.011905000000012933;0.135962999999947
23-01-25-rings-morning-sync.csv;0.5034617145758955;0.03852801327537011;0.2563006457160501;0.7015421811272117;0.47806543462416706;0.5033618141623104;0.5279875362620634;0.5458191702515749;0.05921037875807265;0.13568872522424769;0.772812087447555;0.5384582236961082;0.5500177736635561;0.5718730220088253;4.387674998989463;307.68570930413614;7.67843124823156;7.129971873357878;11.755170698783985;0.7403667229708777;1.0000031119650152;328.192038;3.102330010000088;0.6118820000000511;324.44984699999986;12.012260999999842;312.437586;1.7202930000000336;323.3414359999999;16.666666666666664;83.33333333333334;43.58974358974359;39.743589743589745;25.64102564102564;74.35897435897436;0.0018644023289804826;0.9885975570193444;0.036601317549330194;0.9519962394700141;0.005241726796553284;0.9852202325517716;2.376657291119293;11.883286455596464;6.215872915235074;5.66741354036139;3.6563958324912194;10.603547914224535;0.24985371522023334;0.247006925373792;5.999454049681494;1716.4566021900719;0.010241889093503891;1197.659313031764;14.460229535708786;0.011673119551751075;4020.6688266305646;8.208249421254642;0.010241889093503891;208.9373928580027;14.434231747863693;5.061050327393185;243.9215763708825;10.30473661211516;8.225812727902106;448.2750277459518;111.17576466093374;24.670648005616158;448.2750277459518;10.114503308409752;8.225812727902106;77.91058112287938;449.46551798529083;106.37135806894919;975.9242472231645;17.214695863037065;1.6998143019432128;140.54285084260766;0.03830037049382825;0.011987000000004855;0.14400999999999975
23-01-25-zmr1-morning.csv;0.5031124308712221;0.03238613620583219;0.23214230817906997;0.7136962554034065;0.49635814217960134;0.5045611998614143;0.514710314133588;0.5082545791396789;0.05748358987990851;0.10501720287181715;0.8069990652578849;0.4864766297516999;0.524950776276765;0.5399083314118562;14.079534996360941;372.8068326386854;16.365955209445197;16.245617303493393;71.87072736071914;0.8700959902680073;1.0000165035940372;498.59601200000003;11.155009010000278;2.8707389999999346;484.4451149999998;34.21509999999982;450.230015;3.3832699999999485;483.9325839999998;29.38775510204082;70.61224489795919;31.83673469387755;38.775510204081634;30.612244897959183;69.38775510204081;0.005757645329902748;0.9716185114613387;0.06862289143219184;0.9029956200291469;0.006785593784492501;0.970590563006749;8.66432922852981;20.8184577296619;9.386356664240626;11.432101065421277;9.02534294638522;20.457444011806494;0.5455318403148399;0.5416960925807622;8.999820003599927;2372.728154497438;0.00656259822509873;181.73163376203516;20.99044559384852;0.009967507438190408;4331.573066530886;18.65473168157121;0.00656259822509873;181.73163376203516;20.981747413659726;4.408642762888578;200.65957975198242;12.774605009014568;6.241206024776851;401.66233591815495;101.18768993878484;18.147003508632388;401.66233591815495;12.250684170447649;6.241206024776851;68.57493194434267;379.0133625894198;110.31929657732431;942.4587697558563;15.601097692234244;1.7547387313559049;181.18671084286123;0.04116239487084973;0.011983999999984007;0.32803500000000074
23-01-25-zmr2-morning-sync.csv;0.490324837418936;0.039652177291657584;0.19017992300145767;0.7224276486565085;0.4812832720139447;0.49068616418277516;0.4997497306150548;0.5178702633732606;0.06228037055568535;0.1262413307472512;0.7754577919288917;0.5027746553774233;0.5319567927607783;0.5522519288239656;15.857309920698864;389.5823901317296;17.506470152451545;22.200233888978406;70.73899370253467;1.312089477667101;1.000017153968759;472.96799;14.121604010000176;3.367755999999776;455.3636140000002;37.00322900000023;418.36038499999995;4.839132999999842;453.8922370000001;30.90277777777778;69.09722222222221;33.33333333333333;35.76388888888889;34.02777777777778;65.97222222222221;0.007120473417238609;0.9627789271743321;0.07823622270927941;0.8845427044650527;0.010231417563797167;0.9596679830277733;11.29040466353759;25.244837393752587;12.178414019096726;13.066423374655862;12.432130977827908;24.103111079462273;0.6638927086799257;0.658406067834706;6.999790006299794;3046.8567513467683;0.0006929850695513427;1224.6519749781398;25.93875539956868;0.020419347419519465;4716.69641310779;25.201027639176143;0.0006929850695513427;279.4791473697994;25.87652034580375;4.004602022833845;286.7999350671531;13.517853041603782;5.940537470929394;556.5135951714385;94.44013782286846;30.423363809602012;556.5135951714385;12.919371956176926;5.940537470929394;75.135062498102;428.64714678703166;52.85494384063732;1135.8880721989597;19.33925005413061;1.4813655110220012;140.7278301839531;0.0451169457188504;0.01196799999996756;0.2840990000000261
23-01-28-game-afternoon-sync.csv;0.5148873182147894;0.02854335765131547;0.0873253766228171;0.7296563877778894;0.4996465654934154;0.5137142854578355;0.528214370503145;0.5325732294290149;0.04581546524863605;0.14500562879774304;0.7858416804560908;0.514949459499783;0.5327534993489583;0.548252875716598;5.971951292350006;375.20549893764604;8.540532493360761;11.751258994624205;45.159631292534655;1.0944364210753192;1.0000009572461621;934.367969;11.301106009998811;2.6507080000002556;920.3034690000007;43.54122500000037;876.7622440000004;3.4586980000003233;919.4954790000006;14.675767918088736;85.32423208191126;33.105802047781566;52.218430034129696;16.38225255972696;83.61774744027304;0.0028368994742372805;0.9849475790409942;0.046599655001658524;0.9383479240393356;0.0037016444428226362;0.9840828340724088;2.761224791086562;16.053632506317218;6.22880941245108;9.824823093866138;3.082297441212906;15.732559856190877;0.3392667669668372;0.3362294426018126;4.999220121661001;1858.6056480368857;0.001826563758958105;875.7468153780158;16.666826300574684;0.012163349476150774;4758.2398662808755;12.066052786637227;0.001826563758958105;182.98475098558708;16.644855459179134;4.748341509337371;195.92238352261842;12.115593934584538;7.5280861667339;257.1934751802253;80.12448944135694;13.833692859887671;257.1934751802253;11.919711022760124;7.5280861667339;88.74592213999736;387.56826587540934;111.81020581592543;1066.1220310683932;13.860601451801916;1.5541927060715017;108.75744922858479;0.03576299370252788;0.011837000000014086;0.15209100000004128
23-01-28-game-evening-sync.csv;0.5109606231479668;0.03143623891134402;0.13878941535949707;0.7314687055699965;0.49499149883494653;0.5075914719525505;0.5234984229592716;0.4949267756636816;0.05569172903397948;0.0904765941478588;0.6990887394657841;0.47896482679578994;0.5073299266673901;0.5220264858669705;6.863877868428066;383.93227965901804;16.778368122824162;10.486480076765101;23.25185816083924;0.7394395539595358;1.0000015891086569;944.0727420000001;16.98275701000134;4.727776999999504;922.2660119999995;65.20383699999957;857.0621749999999;6.924440999999062;920.069348;21.813725490196077;78.18627450980392;38.48039215686275;39.705882352941174;25.0;75.0;0.005007852456351826;0.9769014303349088;0.06906653915445804;0.9078348911804509;0.007334647736285412;0.9745746350549754;5.6563437989823875;20.27386148174586;9.978044679103762;10.2958168026421;6.482551320182063;19.447653960546187;0.4554733770716155;0.4546568798670734;7.968643388267068;2066.0351550003065;0.0077463639906146554;1920.9059395035074;19.542803057440775;0.005905419577164875;3575.4357124292833;14.652362623877877;0.0077463639906146554;187.05326377409662;19.547108325681343;4.5813818243871385;234.2934337204145;12.585424663118095;7.818619950122775;517.50630644291;92.44055181163588;32.588478771456806;517.50630644291;12.176066377735516;7.818619950122775;80.11620378365926;398.69626515626635;102.65364405443727;1199.780915945252;15.783127720149032;1.6356831643650107;100.65822739167719;0.0395868461771593;0.012053999999977805;0.1357869999999366
23-01-28-game-morning-sync.csv;0.5163701627066749;0.029994591815649955;0.09631048931795008;0.7275734508738798;0.5008585312787224;0.5150599199182847;0.5328020769007066;0.5537689673701242;0.04800707365786165;0.12354973687065973;0.7526803193268953;0.5375057361744069;0.556847748933015;0.5747289586950232;4.881225205938329;407.5823046958505;11.946156425059595;11.62502318782681;82.49052614920386;1.1856574446569812;1.0000023057028935;934.191685;12.60839001000016;1.174619000000142;920.3267779999998;55.17096000000005;865.1558179999997;2.0041750000000533;919.4972219999999;7.0821529745042495;92.91784702549575;35.41076487252124;57.50708215297451;8.498583569405099;91.5014164305949;0.0012573640066172735;0.9851583917705281;0.05905742995346833;0.9261009618170598;0.002145357352436779;0.9842703984247085;1.6056661861639243;21.066340362470687;8.028330930819621;13.038009431651064;1.9267994233967092;20.7452071252379;0.39392343767221605;0.3929765034568436;4.999785009244577;2062.7581426569404;0.003187760876646024;1115.7217026282763;18.494088699740413;0.003001056617910502;4871.3774399011945;13.024092394982215;0.003187760876646024;219.48212749319995;18.484499081990897;4.974896070029559;232.41918665525384;13.421936351043113;7.855577741299301;348.2826209380071;64.63354116582809;32.22855639496125;348.2826209380071;13.356574649808634;7.855577741299301;95.80658833409896;388.78681475397417;102.98751266087434;1118.7880568340236;13.356882264751473;1.6478002025730762;109.31821334618232;0.03435528613079063;0.011892999999986387;0.13982099999998354
23-01-28-paper-afternoon-sync.csv;0.5242205417520814;0.05346541327592694;0.07068382992463955;0.8625629088457893;0.48014604344087486;0.5225843541762408;0.5682529000674976;0.5130087980488112;0.045795799057501696;0.14567096851490158;0.7714138454861111;0.49357387401439523;0.5170901263201678;0.5457467397054037;5.625994255047222;524.0581315276171;26.254639856887035;13.773985934770783;27.815535536313146;0.8240105282896255;1.0000001409665937;927.835999;25.14052901000022;3.8970479999997742;898.741839;83.43905199999983;815.3027870000002;5.861353999999739;896.777533;13.793103448275861;86.20689655172413;29.39244663382594;56.81444991789819;15.763546798029557;84.23645320197043;0.004200147444375861;0.9686429929089225;0.0899286642142884;0.8787143286946341;0.006317230638083637;0.9665259097152146;5.431994453149042;33.949965332181506;11.575321513258078;22.374643818923435;6.207993660741763;33.173966124588794;0.6682215398715091;0.6660757042898241;15.936540694952576;2886.683053558361;0.01836372903746102;13216.360477495444;26.632109570980194;0.011456935153570791;4337.421482102583;18.614261630390097;0.01836372903746102;210.77825436358876;26.63195054779164;5.535252436948409;288.46432411993817;16.70643786605246;8.073943545246987;1229.00330327403;91.45030784781021;20.41077600671276;1229.00330327403;16.382339847892226;8.073943545246987;84.25261606449698;382.90326911416156;94.60767249139329;1176.2786194044768;15.551519782210821;1.5382261470367045;129.01033154921177;0.04061474799676933;0.011056999999937034;0.17603200000007746
23-01-28-paper-evening-sync.csv;0.5179794401063433;0.05967408558531736;0.1968229938955868;0.7231147990507238;0.4711763157564051;0.5147301169002757;0.5659534790936638;0.47422088601134155;0.05321851964919811;0.12032900209780094;0.7087736624258536;0.4488763314706308;0.47820581506799764;0.5079863371672454;10.613441832199124;574.9583956579813;33.74921791246052;20.23425960814941;83.45165361307012;0.8862896588225803;1.0000026299969536;785.7959870000001;28.464816009999875;7.982304999999968;749.1806980000001;103.15501799999993;646.0256800000002;9.618683999999746;747.5443190000004;24.03560830860534;75.96439169139467;32.93768545994065;43.02670623145401;25.519287833827892;74.4807121661721;0.010158240983737637;0.9534035683488418;0.13127455434561786;0.8221290140032239;0.01224068862545584;0.9513211207071236;12.369622854793224;39.09411667687735;16.95096465286479;22.14315202401256;13.133179821138485;38.33055971053209;0.9009972202874077;0.9001141162473164;11.998632155934267;3800.5825784529484;0.008141112135813342;1628.641426367141;32.94264747451191;0.00455115314634787;6423.173975934612;23.915412976260054;0.008141112135813342;200.95321735013832;32.93924415007848;7.054815457216556;380.7248972262087;19.013912352911227;9.63370525724456;940.365497095052;92.42002376883164;18.456465150907015;940.365497095052;18.231791335164836;9.63370525724456;107.34246504357652;403.0640196234745;107.9618547754058;1461.565458092334;16.227925260018644;1.711303360044724;136.83707679598692;0.04026140878359247;0.011760999999978594;0.17231899999998745
23-01-28-paper-morning-sync.csv;0.5172444699662749;0.055788354072950255;0.10265760561999153;0.7833544226253734;0.4758923193987678;0.5167854252983543;0.5605527933906106;0.5208919537975896;0.055954566385432926;0.1255230373806424;0.8043404897054037;0.4945230272081163;0.5281301427770544;0.5551609957659687;4.064063875267744;534.6210478497375;22.942296070059847;12.126642208460204;23.904541606289843;0.7217146863733179;1.000000696812284;915.3399440000001;21.33768500999857;2.468217000000413;891.4581920000011;70.27231800000052;821.1858740000006;3.944030000000174;889.9823790000013;8.445297504798464;91.55470249520154;28.598848368522074;62.95585412667947;10.17274472168906;89.82725527831093;0.0026965031037697322;0.9739094178544895;0.07677182500406704;0.8971375928504225;0.004308814474723911;0.9722971064835353;2.8841743630932375;31.267072072624416;9.766863184111191;21.500208888513228;3.4741191191804908;30.677127316537167;0.5855747949310512;0.5836818719740478;13.999636009464673;2496.5023926912627;0.0248028094989772;728.58184580783;24.425843728039435;0.006867496329480089;3259.5069649717493;16.36959439446625;0.0248028094989772;159.6487418993346;24.392791820677182;6.202325194205543;192.34397534425614;16.585024747020064;9.394262635806367;322.4264384786717;72.55479264901602;25.826911432135265;322.4264384786717;16.43005894638504;9.394262635806367;94.79846911235191;352.67818239653957;89.12256261432098;950.4071872431638;14.066048534348006;1.4263174920804358;114.18669489129428;0.0398835233831749;0.01160400000003392;0.18797199999994518
23-01-28-rings-afternoon-sync.csv;0.5020936880637512;0.04443288111140009;0.2583294195287368;0.7221955692066866;0.4699728278552785;0.5047646410324994;0.5343628350426168;0.5301882825866251;0.05475777663636591;0.07510929814091438;0.7684213850233289;0.5193172737404153;0.5341213508888527;0.5531529673823603;3.7225164400983397;318.0890298064031;7.445032880196679;9.678542744255683;23.951137472715654;0.973233838152446;1.000015119101313;322.36257900000004;3.392416009999881;1.0077070000000923;317.92623100000003;14.214138000000055;303.712093;1.0077070000000923;317.92623100000003;21.59090909090909;78.4090909090909;36.36363636363637;42.04545454545455;21.59090909090909;78.4090909090909;0.003126004895252101;0.9862380180300021;0.04409363532235562;0.9421443827076466;0.003126004895252101;0.9862380180300021;3.536390618093423;12.842681718339271;5.956026304157344;6.886655414181929;3.536390618093423;12.842681718339271;0.28849502410762135;0.28565920386768096;4.980908178950154;1675.425513228391;0.022950898793827453;258.1715864473847;14.79666175991082;0.013096918570380898;3441.809819573892;9.470879028822992;0.022950898793827453;258.1715864473847;14.768673772064533;4.5736418225514806;259.8837804087037;10.321261082590341;7.8287332963701015;423.6104384349272;79.66270890994441;28.865709254050813;423.6104384349272;10.101474681063277;7.8287332963701015;82.3536435750475;435.054923305981;116.32853472570342;894.4005900504261;16.042253120135655;1.8519969168340409;116.05665833916663;0.036874087065216096;0.011906999999979462;0.18802900000000022
23-01-28-rings-evening-sync.csv;0.4810913923594806;0.04798269209128956;0.09103387243607465;0.6853848625631893;0.4524453948525822;0.4855591269100414;0.5106998331406537;0.515996732289959;0.04302058332009436;0.1277904934353299;0.6962521023220486;0.5133093374746818;0.5206988299334491;0.5287076879430701;3.1468283547387643;305.98278061077514;8.329839762543786;6.293656709477529;23.595339511853886;1.1165666114198143;1.0000024616690504;324.135887;3.3730160100001303;1.6281699999999555;319.1065579999999;14.763192999999848;304.34336500000006;1.9480789999999555;318.78664899999995;30.666666666666664;69.33333333333334;46.666666666666664;22.666666666666664;33.33333333333333;66.66666666666666;0.005023109335622424;0.9844838871544016;0.045546308175372904;0.9389375789790287;0.006010068857324506;0.9834969276326997;4.2574736564112685;9.625592614495043;6.47876425975628;3.1468283547387643;4.62768875696877;9.25537751393754;0.24681006703833444;0.24366522202125318;7.936523683578747;1559.8124798938086;0.037233011652496;994.6143050324505;14.41216994402724;0.009511879746703613;3831.0533409442596;9.309169814521972;0.037233011652496;195.3133079596221;14.400702446165754;4.574021866433038;218.8729790940197;9.918165395178415;6.667071566570009;207.0904190727197;59.87386413510396;24.470215650716725;207.0904190727197;9.66327759084128;6.667071566570009;69.64454981947837;441.003217634752;97.36636590420792;1055.4504628722161;18.82925207017203;1.569351085644593;109.1082566601623;0.04269640518987507;0.012008999999999048;0.17249600000002374
23-01-28-rings-morning-sync.csv;0.4764743012422082;0.05111459802611747;0.1846452460569494;0.7054575751809513;0.444784073268666;0.47699008268468523;0.5112878995783188;0.5338887058899595;0.06709570004105254;0.12083711977358215;0.7081036885579427;0.5163182859067563;0.538916919849537;0.5665590074327257;5.277415914001365;349.54084737069036;10.90665955560282;9.147520917602366;33.679514022524906;1.1087507756086106;1.0000004959040831;341.07601700000004;4.9622920099999295;0.6633340000000265;335.4221120000001;23.30627600000007;312.115836;1.490644000000045;334.5948020000001;13.513513513513514;86.48648648648648;55.85585585585585;30.630630630630627;18.01801801801802;81.98198198198197;0.0019448274488324004;0.9834233287648602;0.06833161769917136;0.9150917110656889;0.004370415759839381;0.9809977404538532;2.6387079570006824;16.887730924804362;10.90665955560282;5.981071369201546;3.518277276000909;16.008161605804137;0.33716823895008713;0.3342823399897169;4.999970000179999;1966.1209827955624;0.011565265135667174;8719.725771973674;17.558323808025637;0.022902897445452285;4989.3317305270875;10.45044322850428;0.011565265135667174;208.80528732075678;17.55746837289128;4.3662825276813555;226.72681471443244;11.296156450129686;7.977221260153216;515.841071384714;77.33129680305169;32.13668378085904;515.841071384714;11.165564720751076;7.977221260153216;83.533995297637;441.2925186695801;115.10008730390543;1026.4226210175316;19.208967890059668;1.8428674978227018;118.76941432317997;0.043528877280701136;0.011988999999999805;0.13198899999997593
23-01-28-zmr1-afternoon-sync.csv;0.5081225052097212;0.034861386624495;0.09241961030399098;0.7612351810230928;0.4990882873535156;0.5083492503446692;0.5180267446181354;0.5235525443427407;0.05510553762284901;0.13327320240162033;0.7345591792353877;0.5031094586407696;0.5327550534848814;0.5581435874656395;12.602089656526456;289.70152617386975;10.697122615423618;12.895161509003815;133.6252221855308;1.5348861184165774;1.0001113365682919;409.45590300000003;6.837498009999845;0.8978690000000418;401.66074100000014;26.3808640000001;375.27987700000006;1.7214800000000983;400.83713000000006;21.333333333333336;78.66666666666666;46.0;32.666666666666664;24.666666666666668;75.33333333333333;0.0021928344259333874;0.9809621452691576;0.06442907235361092;0.9165330729155468;0.004204311105022946;0.978950668590068;4.689149639637751;17.291239296164203;10.110978910468901;7.180260385695306;5.421829270831149;16.558559664970808;0.3956470008444352;0.39092880947297315;5.9988002399519695;2088.1188345946593;0.0014793214001052868;5027.415339599002;17.560538497501913;0.01144469800763409;3551.228334464849;13.879127730242852;0.0014793214001052868;252.44015518382804;17.54039160970217;4.4430656048263115;259.1976253518418;10.624966794741896;6.3347790430062885;642.7889584108234;107.37963913490807;23.823940278194545;642.7889584108234;10.40868222439314;6.3347790430062885;92.26515456521534;425.1020954148628;106.19036070953287;1001.8302308695023;18.053631872334712;1.6921433979078009;114.17403173698858;0.04246893173912947;0.012035999999966407;0.1479969999999753
23-01-28-zmr1-evening-sync.csv;0.48937744239133346;0.031270888773690206;0.13254979077507467;0.8657747717464671;0.4828408886404598;0.4895615577697754;0.4958457666284898;0.47651639751994135;0.04300478011109868;0.07757890489366313;0.743751949734158;0.47501747696487995;0.4844097561306424;0.4919130819815176;9.300634758726389;276.5093476681671;10.3340386208071;11.219813359733424;73.37799362550967;1.445743384068073;1.0000453522609303;406.423873;6.5456850100000326;1.9337649999999282;397.8605830000001;18.979169999999872;378.8814130000002;2.2695069999999102;397.5248410000001;34.090909090909086;65.90909090909092;35.60606060606061;30.303030303030305;35.60606060606061;64.39393939393939;0.004758000522277215;0.9789301500997213;0.046697970421633844;0.9322321796780874;0.005584088806712174;0.9781040618152863;6.643310541947422;12.84373371443168;6.9385687882561955;5.905164926175486;6.9385687882561955;12.548475468122907;0.3616913517282485;0.35689578671598987;5.978745559535816;2117.2093869144846;0.0039861555409148;2303.1420992614226;17.981869017969306;0.0016899636008334976;4099.547131089695;15.087930914893803;0.0039861555409148;261.8899189066541;17.91286244539088;3.96121501182;271.8856505434827;10.128980513431493;5.286834366656202;344.7431694969747;102.50466738332314;32.39649821306301;344.7431694969747;9.679996930610324;5.286834366656202;95.17290498181406;496.7876956210392;108.6137465345004;1174.0021403982832;22.27271076971983;1.7366251933406367;136.2273602757258;0.04483345897260296;0.010885999999999285;0.19197100000002365
23-01-28-zmr1-morning-sync.csv;0.49923569183992833;0.026044939790990047;0.21346670038559856;0.7026007596184226;0.48938387982985554;0.4982561223647174;0.5083286341498879;0.5237251186574471;0.054147338174828544;0.09574517144097228;0.804133634214048;0.5026078118218316;0.5384774808530455;0.5563970141940646;9.027484452254692;298.5756894764237;8.693133176245258;15.045807420424484;56.55463290483415;1.734346491679917;1.000023800346294;358.903969;5.451116010000229;1.1084359999999656;352.2842589999999;20.19186999999987;332.092389;1.2604509999999713;352.1322439999999;28.24427480916031;71.7557251908397;35.87786259541985;35.87786259541985;29.00763358778626;70.99236641221374;0.0030883915914565034;0.9815557626223963;0.05625981249597122;0.9252959501264251;0.0035119450016446356;0.9811322092122082;6.1854986061745105;15.714509972443352;7.857254986221676;7.857254986221676;6.352674244179227;15.547334334438638;0.3984352705779077;0.3937467033402934;4.999950000499837;2148.2008249420887;0.001941820831860372;1450.7513694447114;17.256199340592115;0.012996566091342279;3718.572118319724;15.247040206112437;0.001941820831860372;192.52380675392897;17.213474435126;4.180653148300838;237.00819534011322;10.639901715962718;5.682521514551439;490.3416842047103;112.07788139009207;48.89102633713213;490.3416842047103;10.320734720960342;5.682521514551439;96.78440588551088;445.5354287361509;85.57825571625965;869.4883530769275;17.10327682116865;1.3699367175058292;120.68895761670541;0.03838814091549457;0.011981000000020003;0.15199099999999532
23-01-28-zmr2-afternoon-sync.csv;0.489508476670795;0.0315821680777718;0.21297063547022202;0.8057871425853056;0.4779053155113669;0.4895899155560662;0.49883682587567496;0.5239696791427437;0.05841186068399458;0.1311344853153935;0.7651000835277416;0.49565397191930693;0.5293538128888166;0.5678408092922634;8.77161521734332;263.6545112443771;10.289779389575816;7.928190677214154;47.28988629864455;1.2199952413149133;1.0000001094530238;355.69275700000003;4.978247010000033;0.7085329999998917;349.98517400000014;15.811891999999915;334.1732820000002;0.7085329999998917;349.9851740000001;17.92452830188679;82.0754716981132;34.90566037735849;47.16981132075472;17.92452830188679;82.0754716981132;0.001991980398970822;0.9839536147765868;0.044453792462239856;0.9394998223143469;0.001991980398970822;0.9839536147765867;3.2050132524908284;14.675586998247478;6.241341596955824;8.434245401291655;3.2050132524908284;14.675586998247478;0.30644424958026345;0.30143010312628854;4.982422015130676;1993.9437113160516;0.0004278553463596506;6869.802213728504;16.64931014673904;0.022296908602131425;4084.0635940517577;14.408998098675415;0.0004278553463596506;197.27485453888767;16.562047893062513;4.364401128464667;224.86533294231728;9.994303966034197;6.112045215181292;344.5421615178531;103.05861676584657;56.415507930070426;344.5421615178531;9.80589845191651;6.112045215181292;82.07840814869814;485.30570795422454;106.7430297137319;1563.986345354449;22.370108236658034;1.717495348096049;108.84820880532656;0.04609487972222253;0.01168000000001257;0.15207900000001473
23-01-28-zmr2-evening-sync.csv;0.490878884632664;0.025371349572234744;0.1532164040733786;0.6299283644732308;0.4869970433852252;0.49415936189539295;0.5005630605361041;0.4601931051417085;0.03898965701489942;0.11691182454427085;0.6663925736038774;0.4535164161964699;0.46560725459346064;0.47563408745659713;9.47901264242333;284.99195387220306;13.830034838945513;13.674641189069721;28.549924705187504;1.0442691447508288;1.0000475077291031;386.116164;6.749292009999884;2.975025000000156;376.311586;17.42411099999999;358.887475;3.3190120000001455;375.967599;42.944785276073624;57.05521472392638;25.766871165644172;31.28834355828221;44.171779141104295;55.828220858895705;0.00770499988702922;0.9746071806514682;0.04512660340218232;0.929480577249286;0.008595889811026262;0.9737162907274712;10.87755549130546;14.451609438448683;6.526533294783276;7.925076143665406;11.188342791057044;14.140822138697098;0.4610011612981838;0.4567484667956705;6.975592402184918;2300.4257940423163;0.00406048406997378;3780.565753292905;18.42031590234965;0.012723000527690428;4589.2825199647095;17.18253429883766;0.00406048406997378;187.1093119285635;18.38206172367988;4.253810772993012;196.83289598845224;10.59523436420816;6.303925928185099;454.0920484461648;106.19258405527351;49.58941468056774;454.0920484461648;9.839465698720618;6.303925928185099;84.15167723275964;457.19717958752705;125.25930058426474;1121.2204341821887;17.4336568993479;2.0174262952102455;119.08067318873651;0.038131593276835504;0.011974000000009255;0.1719900000000223
23-01-28-zmr2-morning-sync.csv;0.5053009772999317;0.031113025868576154;0.14798533215242274;0.6989478503956514;0.4975358177633846;0.5055520674761604;0.5183923945707434;0.549614154367418;0.049636183331741426;0.1069534301757813;0.7948148374204282;0.5309023256655092;0.5524815029568142;0.5757915355541088;12.350210544129624;335.46930597586885;9.799623583928941;16.645935950783407;262.54676135477155;3.025259793474349;1.0000103759824013;446.95594300000005;8.763573010000002;1.4171289999997967;436.6946180000003;26.50410100000017;410.1905170000001;2.233031999999845;435.8787150000002;18.23204419889503;81.76795580110497;33.14917127071823;48.61878453038674;20.994475138121548;79.00552486187846;0.0031706234634401014;0.9770417528601923;0.05929913544073888;0.9177426174194535;0.004996089737640752;0.9752162865859917;4.429966825611713;19.867730005773744;8.054485137475842;11.813244868297902;5.101173920401367;19.19652291098409;0.4429966825611713;0.4367717028095647;4.9999400007200006;2667.216321853599;0.00642985096162661;6388.071248660625;21.38810032278506;0.014590217709804865;4432.446181353778;18.758588915537224;0.00642985096162661;201.48602589936692;21.31473989445971;4.46199779413425;211.67590206710432;11.670857450207148;6.308881872687202;529.3817973470184;84.00361617689963;31.593619914797404;529.3817973470184;11.436128544240017;6.308881872687202;105.97903103095221;506.6129314711914;101.92713997818582;1070.1996238681718;22.536748288111237;1.6326689281737352;114.59708482760213;0.044485142182741126;0.01198800000000233;0.1800230000000056
23-02-16-game-evening-sync.csv;0.5197774641660292;0.03358282696126101;0.18839802461511945;0.8411795111263499;0.5012484718771542;0.5165627423454734;0.533045768737793;0.4488200372669006;0.05585269967150608;0.11138333921079278;0.7088517365632234;0.4209781788013599;0.4583072803638599;0.48440777813946756;16.94627137082742;438.05200403730237;30.36966195488785;21.9876352553388;140.302996535474;0.834919405961052;1.0000049026801534;987.8279200000001;30.937269010000534;9.2804040000004;947.4506569999993;132.75079799999995;814.6998589999994;11.92520600000062;944.8058549999992;23.55072463768116;76.44927536231884;40.70048309178744;35.748792270531396;25.483091787439616;74.51690821256038;0.009394757742826707;0.9591252057342126;0.13438656198338667;0.8247386437508258;0.01207214916541397;0.9564478143116254;11.84416816240626;38.44799203488802;20.46915215759441;17.97883987729361;12.815997344962673;37.47616285233161;0.8736339422356071;0.8712077975023527;15.951984526574732;3367.181289938742;0.011647714350594652;2883.704314161321;27.81596713112886;0.006713115333166484;5749.099989071753;22.091524493770148;0.011647714350594652;177.36930014190003;27.805692073700595;5.511308625862402;297.34931816760127;17.453974855356485;8.634397860884729;615.9004394321349;97.8522840672757;22.053875800538382;615.9004394321349;16.66646282534581;8.634397860884729;116.0825610393386;347.8888991004493;89.44479326046037;1084.5087073952088;12.485768511674632;1.4302222442336843;98.8224064683318;0.03589010325986141;0.011742000000026565;0.16015199999992547
23-02-16-paper-evening-sync.csv;0.5164648512879818;0.10372345605698344;0.12010955810546875;0.9311027526855469;0.43062625211827893;0.5085573476903579;0.6021721924052519;0.5003208777680701;0.042671564459029136;0.11650215431495947;0.6053248370135271;0.4811271102340133;0.5068760907208478;0.5248740019621674;15.289825488788754;575.1799010180091;27.32519013056625;28.184859033550353;20.236098796210115;0.740356207888048;1.0000016214908891;977.120374;35.246304010000735;15.723181999999424;925.9050589999997;96.77871700000004;829.1263419999997;20.63377199999958;920.9944689999995;34.002361275088546;65.99763872491144;26.32821723730815;39.66942148760331;37.54427390791027;62.455726092089726;0.016091345977808282;0.947585459926148;0.09904482556618971;0.8485406343599583;0.021116919213885497;0.9425598866900707;17.68461743281591;34.32535119772255;13.693297526103985;20.632053671618557;19.526765082067563;32.48320354847088;0.9261909014293054;0.9254347688122228;8.99964001439931;4056.3921458551386;0.009694011256252152;632.620108602992;33.04086550671787;0.020178770540468835;6863.582807008908;25.147669237942512;0.009694011256252152;198.90823345159555;33.04147374912101;5.30246456205015;250.12879891169135;20.70186090346597;10.625401426973493;1253.3884308207444;82.8941446808233;24.341859544343894;1253.3884308207444;19.645747658252585;10.625401426973493;112.39202616895408;362.1913903371058;98.33206343910103;1362.3779051971762;14.121579484100081;1.5696747286782993;120.85891915180619;0.03898927434734595;0.011591000000009899;0.17598900000007234
23-02-16-rings-evening-sync.csv;0.5083774795823695;0.04604780961235271;0.19596175586476045;0.7398990743300494;0.4757815809810863;0.5125753739300896;0.5396345082451315;0.51810689990325;0.042734372666919755;0.13789378978587963;0.7820444460268374;0.5117020924886068;0.5229008992513021;0.533597034878201;5.803503734957154;293.5449631100909;10.67095848040509;11.419797672012464;16.189640975428294;0.7458264861477214;1.0000001842871509;320.49604600000004;4.029980010000298;1.591442999999754;314.8272719999999;16.687729999999895;298.139542;2.1037689999997555;314.31494599999996;30.909090909090907;69.0909090909091;35.45454545454545;33.63636363636363;33.63636363636363;66.36363636363637;0.004965562040037629;0.9823124994184791;0.05206844267900857;0.9302440567394705;0.0065641028220353;0.9807139586364817;6.365133128662685;14.22794464054012;7.301182118171903;6.926762522368215;6.926762522368215;13.66631524683459;0.37129943250532327;0.3626062450240553;4.999875003124953;2272.2274522397643;0.0049596528070507215;12949.988489667323;16.428449536492064;0.015930381841143343;5516.429539915395;9.327569352125794;0.0049596528070507215;103.99748260064797;16.34834654058568;4.824702024702355;194.5305331357799;11.330213573584276;7.382203330289333;1137.2949527839307;95.5030933782986;31.203816342699156;1137.2949527839307;10.904722035348886;7.382203330289333;87.79086461399544;415.7080797280775;98.6878920657371;1383.3317447927814;14.197417383896292;1.6101916469406876;136.557811757722;0.03415237296610422;0.012007000000039625;0.13184799999999974
23-02-16-zmr1-evening-sync.csv;0.515158792016972;0.0318720357536127;0.17627664173350616;0.8279035792631262;0.5075401137856876;0.5154203527113971;0.5219473838806152;0.4669748559045525;0.04650427531156005;0.13442151104962385;0.6458201938205295;0.4417227003309462;0.47374756424515335;0.495555736400463;17.294857278586083;279.8884402917848;17.58310489989585;14.556504876143286;69.90721965371023;1.2035863963646674;1.0000111567815355;416.30872600000004;8.889129010000026;2.9860219999999735;404.27722299999994;24.164453999999992;380.11276899999996;4.314061999999932;402.94918300000006;46.1139896373057;53.8860103626943;30.05181347150259;23.83419689119171;50.259067357512954;49.740932642487046;0.007172614488988572;0.9710995656622387;0.05804455321457756;0.9130550124476611;0.010362650914023675;0.9679095292372037;12.827019148284679;14.988876308107939;8.359181017983273;6.629695290124665;13.980009633523752;13.835885822868867;0.5380622264449003;0.5355964647109124;7.935838743756773;3012.820725422651;0.00046169615683220536;1866.166127396657;21.3242923826977;0.013796669194257134;4902.0697289654745;17.971065705109933;0.00046169615683220536;229.8324063364761;21.325884273815436;5.271825028052355;237.057488055301;12.371570582442201;7.489082757468785;556.3447695907961;117.63974613388585;36.22319125637668;556.3447695907961;11.5940519143357;7.489082757468785;102.32390828229745;430.44727899033427;85.07692136426105;1027.9302176873741;17.158302219500246;1.3718653569977035;122.96559040223418;0.03986156506726469;0.011867999999992662;0.1681499999999687
23-02-16-zmr2-evening-sync.csv;0.4910341183616711;0.03636018145023469;0.17788485919728;0.6930745629703298;0.481274450526518;0.4972885356229894;0.5092768669128418;0.43679197303469575;0.07604636327382275;0.11972752323857061;0.6882366321705006;0.3973369739673756;0.4272789849175347;0.464046139187283;31.12033086050279;437.3916544149148;28.62545201514603;30.98902144758928;122.64246005378047;1.5125689284420356;1.0000031006627392;456.93601600000005;19.715720009999938;6.148589000000026;430.8853279999999;61.532056;369.3532719999999;6.97239900000001;430.0615179999999;41.3625304136253;58.6374695863747;31.873479318734795;26.763990267639905;42.579075425790755;57.420924574209245;0.013456126863941549;0.9429883242121143;0.134662302478691;0.8083260217334233;0.015259026988146211;0.9411854240879096;22.322600195297362;31.64556851215685;17.20153309167032;14.444035420486529;22.979147259864934;30.98902144758928;0.9957630479274804;0.9927288016065352;9.960109760409496;5148.6663326086955;0.00399716430924421;5987.314651935523;37.6500793353981;0.026930095572677105;5308.3928214735515;35.34690377354709;0.00399716430924421;261.8984667532409;37.61299802982504;5.8667285645093;271.3536926683299;17.816683830795622;7.806112477674642;591.3105171467178;115.39464658569311;47.14715055219622;591.3105171467178;16.424279055623032;7.806112477674642;190.86181768133304;476.576152523638;91.95161762960032;1200.5034644619457;20.6961277237865;1.4982596576568943;139.28841446419676;0.043426696057268586;0.011874999999974989;0.18401600000001395
23-02-17-game-afternoon-sync.csv;0.5410856048187492;0.0324467032966437;0.2974822100471048;0.8286003224989947;0.522483320797191;0.5404852698830998;0.5589351654052734;0.45477497315850013;0.06493221788507413;0.01840040418836808;0.7644143281159578;0.4390001085069445;0.4614153826678241;0.4774769535771123;14.01811825722319;441.257820677146;28.849788020445935;18.398780212605434;144.81836247432247;1.1209311938148836;1.000025100976213;958.759211;28.47689101000017;6.383808999999891;923.7832840000003;129.96862599999997;793.8146580000003;8.940130000000122;921.2269630000001;16.234652114597544;83.76534788540245;45.1568894952251;38.608458390177354;18.417462482946796;81.58253751705321;0.006658406956363406;0.9635195921992559;0.1355591941217866;0.8279603980774692;0.00932468746837429;0.960853311687245;7.447125324149819;38.424663437209986;20.714272960450337;17.710390476759656;8.448419485380047;37.423369275979766;0.7885191519688044;0.7905415425637028;6.973313130648998;3767.801580134028;0.002932762044612132;4839.866222203859;28.960992319395864;0.024825556304452587;4807.137732765348;23.003052133031563;0.002932762044612132;184.38027592331719;29.068698991220938;0.06911902457832052;201.34227129283872;19.095170600280703;6.711352377732059;418.2785685320081;90.96987950679424;28.833349645626072;418.2785685320081;18.598480065448694;6.711352377732059;100.54963924398852;350.98822101026684;90.80857367157748;887.3762499327418;13.238481212587047;1.4456724928509832;134.26495043754488;0.03771773643708632;0.011957999999935964;0.2160030000000006
23-02-17-game-evening-sync.csv;0.5149462748966601;0.029286318755012166;0.2610926628112793;0.9377399893367991;0.4967239323784323;0.5104203504674575;0.5243207987617043;0.4180847162976006;0.04795870309322671;-0.0007963957609953276;0.6921922754358363;0.4022884227611401;0.41498819986979163;0.43116234673394094;13.84168282361277;424.5200279567754;28.372318185957397;14.154843068490887;207.5986361867806;1.501039938997411;1.0000041642752027;957.9760040000001;26.722020009998474;4.792989000000993;926.3928850000007;131.8847;794.5081850000006;6.444913000000945;924.7409610000007;12.462462462462462;87.53753753753753;48.348348348348345;39.189189189189186;13.963963963963963;86.03603603603604;0.005003245363128107;0.9670314090664849;0.13767014982558998;0.8293612592408949;0.006727635110994851;0.9653070193186181;5.198460064976742;36.514484552788446;20.167519770150733;16.346964782637706;5.824780554732976;35.88816406303221;0.7098298883903985;0.7087233639845809;6.999587024365809;3510.033043066183;0.004895612396967091;1137.732766008072;27.699430156673333;0.003601565483735368;3424.1376597533254;20.99684412077653;0.004895612396967091;283.23784848333105;27.700088929416093;7.138009185889441;339.7023457651073;18.555893018590144;10.799515931710651;400.36697563967095;82.7847311285619;32.856393913954896;400.36697563967095;18.223584643447158;10.799515931710651;109.68455973988185;346.1624267830199;92.97252249636391;943.0016279387406;13.62320956584019;1.4975084198414896;138.7645591970618;0.03935496319587404;0.011734999999987394;0.17998399999999926
23-02-17-paper-afternoon-sync.csv;0.5340087666926324;0.10920564821350436;0.1982269287109375;0.8218621646656709;0.4403177499771118;0.5327665104585535;0.618942513185389;0.48001459986156425;0.0550752414453047;-0.002228800455729152;0.8052687750922309;0.4601054580123336;0.48029234144422744;0.5068284635190611;16.702393917492135;586.0279790674966;22.102416011117413;21.47450646534703;416.3397144880176;1.765563749995127;1.0000000028217122;955.5516460000001;33.86547500999839;12.676044000000614;908.8460780000013;78.68465300000014;830.1614250000011;17.38936500000041;904.1327570000014;30.909090909090907;69.0909090909091;27.575757575757574;41.515151515151516;35.303030303030305;64.6969696969697;0.013265681717009582;0.9511218800202885;0.0823447412072169;0.8687771388130716;0.0181982471306427;0.9461893146066553;12.809354733715773;28.632675287129377;11.427953733020933;17.20472155410844;14.630292416449878;26.81173760439527;0.7273285571840247;0.7218453320911093;6.973271450530215;4701.446726020968;0.017474996518046734;8031.965371089511;36.56668763433255;0.01284512425258677;4843.582134932744;29.024491494492388;0.017474996518046734;226.27054989042668;36.538785897052676;7.98181768706043;278.1151879285712;23.030290882161054;9.871218622877013;768.4822950728428;81.65378645263306;16.85286141431113;768.4822950728428;22.21264526862643;9.871218622877013;85.11396872202663;404.6241042444587;82.755493013423;1170.0101618877572;19.744650563016858;1.3317841490660198;151.7001502436785;0.048797514423628806;0.011704000000008818;0.19605300000000092
23-02-17-paper-evening-sync.csv;0.5208151082384326;0.08567113456657911;0.2873387336730957;0.7809821297140682;0.458810427609612;0.5247413971844841;0.5809742282418644;0.43546950190184114;0.054863466837902414;0.004920337818287046;0.6172015437373408;0.4056871060971861;0.44533524689850984;0.47096174734610097;20.301107227780687;613.4740840394976;27.85058147811163;22.648422750992825;154.61949186590715;1.2659669153291013;1.000007724692821;945.761223;34.79579001000001;10.709587000000138;900.063309;101.84473699999928;798.2185720000007;14.645819000000172;896.1270769999999;29.023746701846964;70.97625329815304;29.023746701846964;41.952506596306065;32.189973614775724;67.81002638522428;0.011323774690221295;0.9516813410312552;0.10768546491781815;0.8439958761134371;0.01548574697696204;0.9475193687445144;13.957011219099222;34.13123652670628;13.957011219099222;20.174225307607056;15.479594261182774;32.60865348462273;0.8427074198198545;0.840512031757837;11.952453141403286;5012.396333316818;0.03892984928609519;3268.9125497214427;37.36760050851746;0.010901155337749694;4516.24147368553;27.103169702747408;0.03892984928609519;252.57166488789187;37.33780947401566;7.604790340282772;337.5942913379311;24.349385929400572;11.905504606715311;534.7954554406099;92.23384854024593;25.22592302766088;534.7954554406099;23.54164879495015;11.905504606715311;114.78778630009506;377.7165411893677;72.56981552515965;1212.9218625370318;16.490521267915632;1.4314801894363225;155.3255607946302;0.04365845672521959;0.011466000000041277;0.20803900000004205
23-02-17-rings-afternoon.csv;0.5143327420576793;0.04962508584934905;0.19298357122084675;0.7275262159459731;0.47808274100808534;0.5277290624730727;0.5519119851729449;0.5101320222319308;0.062491316468751265;0.0353574399594907;0.6635369194878472;0.48100253917552804;0.5024460404007524;0.5505645751953125;6.556923336702134;335.90181550591217;8.617670671094233;9.367033338145907;56.1324162878308;1.6123885596732075;1.0000021843251594;320.27216000000004;4.4510010099999056;1.5653130000001312;314.23161300000004;14.933014000000053;299.29859899999997;2.26432800000018;313.53259799999995;31.182795698924732;68.81720430107528;36.55913978494624;32.25806451612903;35.483870967741936;64.51612903225806;0.004887446351878137;0.9811393316234542;0.04662601332566668;0.9345133182977875;0.007070011954832977;0.9789567660204993;5.432879336124626;11.989802672826759;6.3695826699392155;5.620220002887543;6.182242003176298;11.240440005775087;0.3028674112667176;0.2999189519448357;6.972264332485249;2870.186484876827;0.05656847395103115;860.4292617893108;20.320753399589734;0.04601236865032475;6454.321893000385;13.580917190059635;0.05656847395103115;227.1924304788817;20.312279602472085;6.112961336740402;272.9709255609689;13.825462998418107;10.66619420867521;368.3946395685883;80.38694785570242;28.729426570127007;368.3946395685883;13.493893693810413;10.66619420867521;106.70120855440992;480.7794822030932;121.4766096033266;1021.0575372438748;22.291145425762494;1.9212740574863276;163.3620585562593;0.046364593854165685;0.011899999999968713;0.15999300000000005
23-02-17-rings-evening-sync.csv;0.4939575074371168;0.044017231927007884;0.3296763195711024;0.7037297978120691;0.46166349859798655;0.5006426081937903;0.5270501585567698;0.4479324002857144;0.056491970518059535;-0.02257328739872677;0.7192621584291812;0.43581362123842593;0.4567899350766782;0.46983803643120664;8.993480738231366;312.8981840176329;9.742937466417313;8.806116556184879;64.95959178954594;1.8656593488494677;1.0000114468358094;320.231964;5.012792009999797;1.004820999999982;314.19099000000017;12.50459400000005;301.6863960000001;1.9836399999999799;313.2121710000002;28.125;71.875;37.5;34.375;34.375;65.625;0.003137791079468825;0.9811356307954323;0.03904855044389026;0.942087080351542;0.006194384767911488;0.9780790371069896;5.058832915255143;12.928128561207588;6.745110553673524;6.183018007534063;6.183018007534063;11.803943468928667;0.3122736367441446;0.3062591419667662;7.999936000512157;2905.288543214916;0.023827409742992887;19019.6040396261;20.711060551690785;0.035679692011537055;3834.303262795494;12.849401940957241;0.023827409742992887;193.7771570309586;20.6592814402019;6.50330734655065;269.4823135652416;13.51591375915055;9.35942487440793;499.66928030433724;100.37613393882152;28.038183293601012;499.66928030433724;13.238124210933398;9.35942487440793;99.77803614466498;472.7584843004231;93.80405718537071;928.1492922884032;23.93777730061389;1.5046170772510392;143.93410988596872;0.050634262727270674;0.012101999999998725;0.1881029999999999
23-02-17-zmr1-afternoon-sync.csv;0.5122759034828008;0.02904892139783931;0.18245939647450166;0.9353685379028319;0.5051003063426298;0.5125713348388672;0.5220640967873966;0.5103660647198164;0.060291979873490616;0.06487302426938657;0.7201229236744069;0.5034045749240451;0.5210935239438658;0.5387299996835214;13.36125948913489;282.3920248784725;12.27791412515098;7.944532669215341;102.72376568332247;2.4900841062498182;1.0003031977523105;332.304002;6.504237009999732;1.0131690000001;324.73075800000026;13.146971000000082;311.5837870000002;1.3289730000000963;324.41495400000025;29.807692307692307;70.1923076923077;30.76923076923077;39.42307692307692;31.73076923076923;68.26923076923077;0.003048922053006451;0.9772098922841147;0.03956308356466944;0.9376468087194453;0.003999268717805259;0.9762595456193158;5.597284380583535;13.180701928470905;5.77784194124752;7.402859987223385;5.958399501911505;12.819586807142937;0.34005007258383846;0.3373818576096061;4.980407078553038;3239.107169077743;0.00360408960282595;912.5952572272379;22.749761801952825;0.015165942437390634;4079.5014526649875;19.507508145907764;0.00360408960282595;257.3414265316894;22.750675905801852;5.736922764134401;269.3285896865905;13.569105723639984;7.616455911682025;442.3167851294345;103.38128525758724;43.18257900620489;442.3167851294345;13.288889225052106;7.616455911682025;114.98087596995356;481.9839419858531;92.15772226609576;1126.2442675976765;27.990516015088836;1.4775647610922487;141.18155746187423;0.05807354473214047;0.015837000000004764;0.18807900000000188
23-02-17-zmr1-evening-sync.csv;0.5075121367314639;0.029014016245030895;0.27506449643303366;0.7129009471220129;0.4990676992079791;0.5079358044792625;0.5152294495526482;0.45072201978962434;0.061725159280314294;-0.026610536928530104;0.7740689030400029;0.4241537023473669;0.4630842985930266;0.487100671838831;31.74416067104427;389.7925109809954;24.00954284256648;20.625647542607446;98.9184718004036;2.3385748841404177;1.0001020539760888;372.351946;16.062538009999933;4.073538000000071;352.0952319999999;36.92694499999999;315.1682869999999;4.741784000000075;351.42698599999994;39.285714285714285;60.71428571428572;32.93650793650794;27.77777777777778;40.87301587301587;59.12698412698413;0.01094002070825775;0.9455979370657026;0.09917215525979818;0.8464257818059044;0.012734683008746984;0.9438032747652135;15.952649271235448;24.65409432827296;13.374443328409516;11.279650999863446;16.597200756941927;24.00954284256648;0.7466054709433424;0.7442991246606707;8.999262060510855;5196.854751721157;0.0023559930926496087;666.5840971069442;37.42187500878249;0.022814844789543997;5157.465963192068;35.68662854905222;0.0023559930926496087;308.5944486618611;37.42412547473991;6.705291982931151;329.08317484363613;17.890048140964254;10.229702611739434;368.769872948082;107.11345166655865;34.14762284663162;368.769872948082;16.85778501570856;10.229702611739434;92.11636124382127;470.08195880374564;91.82974875568773;1062.3707273015075;27.258878451625947;1.4832341019018631;181.76537796983897;0.057987501841155;0.011851999999997531;0.2399690000000021
23-02-17-zmr2-afternoon-sync.csv;0.5054395258648506;0.03431798142419832;0.18238378973568187;0.727443582871381;0.49503309586468863;0.5089555628159467;0.5237503332250258;0.47454920513701476;0.06593750198694573;-0.03829153555410869;0.6671808030870225;0.44563095657913776;0.4874989827473958;0.5113477636266638;18.083726743035715;368.3609548329291;15.196409027761103;17.62783447220288;235.58069861153388;2.388804608212595;1.0000210665929876;394.83012;14.117506010000106;3.0004540000000013;377.6284959999999;30.094595999999935;347.5339;3.8446319999999865;376.7843179999999;33.0;67.0;32.5;34.5;35.5;64.5;0.0075993543754969885;0.9564328476257078;0.07622163172353703;0.8802112159021708;0.009737433405536504;0.9542947685956682;10.029629958322328;20.363188097199878;9.877665868044717;10.48552222915516;10.789450409710383;19.603367645811822;0.5496034598373599;0.5631430360231554;7.968190981601474;3768.4969428133054;0.004601284698184085;12044.267231158805;26.70317848428742;0.0228457843161405;5603.884498320192;20.66995514458985;0.004601284698184085;300.32960165110063;27.48055953227896;0.5885201803702735;324.7345529689195;16.717689762814555;8.29307495211156;837.7370882412116;108.32613352828686;28.405971441236638;837.7370882412116;15.989813227345927;8.29307495211156;85.52064476608469;295.5813291247311;13.769859939158456;961.4598189745469;19.318848103528754;1.481581757446726;136.23849457126337;0.06535882412037086;0.011499000000000592;4.688722000000041
23-02-17-zmr2-evening-sync.csv;0.49908837611235163;0.023258010228130847;0.283261214985567;0.7017072228824391;0.49135886921602134;0.4997653400196749;0.5076860540053424;0.4391707536215341;0.05876782414249022;-0.008014481155960596;0.7369656880696615;0.43182373046875;0.4542639273184317;0.4680861013906974;26.074315915489276;338.2566017063813;17.205500978248022;18.447135069461797;111.2329327077217;2.6113272331698005;1.0000444366600851;338.263908;11.25094400999981;3.0669480000000906;323.8574390000002;24.24487200000009;299.6125670000001;4.079126000000111;322.8452610000002;43.47826086956522;56.52173913043479;31.521739130434785;25.0;46.73913043478261;53.2608695652174;0.009066731411380993;0.9574105641799663;0.07167442764836764;0.8857361365315987;0.012059004533230043;0.9544182910581173;14.190103899586;18.447135069461797;10.287825327199851;8.15930974226195;15.254361692054948;17.38287727699285;0.5971668724409108;0.5917134209370576;8.962902546360532;4703.262076856294;0.007732415827045361;15336.852771135142;32.59922581745507;0.030914803501710796;7049.659214085927;30.96225370923321;0.007732415827045361;308.75622760422027;32.55077412919092;6.466291549836166;326.84240906340443;15.878979976518707;8.955819074453595;1341.9319099234003;109.02666658224149;32.16610219370836;1341.9319099234003;14.996866192554448;8.955819074453595;119.794509909799;517.7327126558924;115.36592750700281;1125.450652369653;28.98000876734709;1.8434321556362128;179.08760608855883;0.05597484582089458;0.011776999999995041;0.20397099999999568
23-02-18-game-afternoon-sync.csv;0.5274554308760683;0.03672579535054909;0.2362194902756635;1.0449880712172563;0.5085254276500029;0.5230347128475413;0.5395929953631233;0.44684044789261984;0.050681157407195525;0.07952230947989003;0.784964441370081;0.42138194331416373;0.4500435723198784;0.4660725628888166;12.91511395047153;423.0791676239007;32.506156368095006;16.47144967596369;93.3381053427611;0.9138590727631709;1.000005713657035;961.663989;30.22317800999904;5.612298999999657;925.6960280000012;150.77675100000062;774.9192770000006;7.955862999999581;923.3524640000014;15.41501976284585;84.58498023715416;48.08959156785244;36.49538866930172;17.25955204216074;82.74044795783925;0.00583602907480781;0.9625982033107005;0.15678735267688246;0.8058108506338181;0.008273017489479458;0.9601612148960289;7.299847015483908;40.0555708029117;22.773027014116465;17.282543788795234;8.17333298314865;39.18208483524696;0.8173332983148649;0.8139347039823877;7.999496031750001;3607.1542657622176;0.006994601591082351;1386.9550027760258;29.085341686334598;0.039582750366124124;8591.152763961714;24.35122299813277;0.006994601591082351;411.26062832187733;29.07005009218565;6.419951695064351;425.8200489151107;17.911325205729064;9.587406436267734;1481.0672392786137;94.49304074406949;22.652014357871614;1481.0672392786137;17.44702648092675;9.587406436267734;121.10781646368723;373.12140310639825;88.82155728963122;1262.7871263173938;14.365496287165964;1.4150162291781294;161.86987944415637;0.038500863707005145;0.011966000000029453;0.17222200000000054
23-02-18-paper-afternoon-sync.csv;0.4927398817721481;0.07156949127039208;0.17947990754071405;0.7953542821547565;0.43283949178807873;0.4892302681418026;0.5502623810487635;0.47178517348829674;0.04718690370994074;0.11553220395688657;0.7305754202383536;0.4434630217375579;0.4760527999312789;0.502549574110243;14.152544577142393;540.3127018562363;28.179288758043523;25.222979446373778;143.92364505147415;1.1333166169837945;1.0000052735756084;953.892067;35.084929010002284;11.40137599999974;907.188644999998;128.94513199999915;778.2435129999989;14.005736999999858;904.5842839999979;26.932668329177055;73.06733167082294;35.66084788029925;37.406483790523694;28.92768079800499;71.07231920199501;0.011952480154130205;0.9510390917214725;0.13517790582485173;0.8158611858966208;0.014682727202091154;0.9483088446735115;13.586442794056698;36.85951609869086;17.989456662501002;18.87005943618986;14.592845963986825;35.85311292876073;0.8910861400422989;0.8896645410600167;8.965054218656256;4290.668584398761;0.03681852640837241;4488.939380746212;33.962908125002066;0.01095830068486186;5524.485118208419;26.570485358669384;0.03681852640837241;186.2392052077013;33.961185672667575;5.943404462229028;207.70810427883671;20.383193125447285;10.340895932753668;1066.117577542265;80.58203952865888;24.190204403705415;1066.117577542265;19.62662536394777;10.340895932753668;99.28306265332938;389.09513613225005;82.29936922292791;976.7750832796752;16.079358338441892;1.3188473917985126;152.05262366398082;0.04132500472320646;0.011673000000087086;0.23593099999993683
23-02-18-rings-afternoon-sync.csv;0.4776381690554876;0.04915532819736854;0.21242019709418802;0.6877955829395968;0.44306157617007985;0.4811086654663086;0.5149539498721852;0.49055189378113684;0.03524078770851055;0.1593423348885995;0.7117514433684171;0.47648869267216426;0.48562034324363423;0.5142077410662615;7.396079535467037;264.74171875671755;8.344294860526913;7.965008730502962;179.09680348648504;2.0422989778434886;1.00017206501069;316.383834;3.475179010000109;1.2986820000000439;311.5625259999999;11.781410999999853;299.781115;1.986743000000077;310.8744649999999;24.358974358974358;75.64102564102564;42.30769230769231;33.33333333333333;29.48717948717949;70.51282051282051;0.00410476724926484;0.9847612062252205;0.037237714870096215;0.9475234913551241;0.006279533865185025;0.9825864396093003;3.603218235227531;11.188940835706545;6.2582211453951855;4.930719690311358;4.361790495275432;10.430368575658642;0.2749824442673642;0.2687849650093828;5.976167045821309;2218.895596846781;0.002852266829115212;1174.3372292285221;15.331040095927788;0.028543137796172922;4194.415085584968;9.540158884323352;0.002852266829115212;215.48151355594774;15.27546932787743;5.206303858078722;292.7280090106253;10.686343704494956;8.3685422850783;150.67223209938544;83.30113412778134;36.94956234546353;150.67223209938544;10.383664424158031;8.3685422850783;74.95532002083522;432.65697102798134;107.48362963297551;1108.4825362927845;17.483260747054256;1.7175884015333132;102.50948336117865;0.04040905825581522;0.011995999999982132;0.1400260000000344
23-02-18-zmr1-afternoon-sync.csv;0.49132724854604454;0.02248522628109656;0.19014439863317154;0.7079910390517292;0.4863607743207146;0.4924021328196806;0.49890933317296643;0.479342316742746;0.05310804319119188;0.04002222131799771;0.7387039749710649;0.45521556712962963;0.48598847565827535;0.5106637460214121;18.414273322411933;288.49028205112035;17.253012842620194;16.58943542559634;140.08172274673967;1.884099046602126;1.0000534506941088;361.67596100000003;9.48153201000007;2.2198309999999446;349.85334800000004;30.724893999999924;319.1284540000001;3.0476599999999814;349.0255189999999;31.28491620111732;68.71508379888269;39.66480446927375;29.05027932960894;34.07821229050279;65.92178770949721;0.006137623838372671;0.9673115875124474;0.08495144082854852;0.8823601466838988;0.008426493128195437;0.9650227182226244;9.290083838333949;20.405005573483496;11.7784991521734;8.626506421310097;10.119555609613768;19.57553380220368;0.5668057103745415;0.5649320749502798;8.999883001520972;3586.568484818722;0.0018870077048070116;1143.6311214966618;25.649824453412116;0.018362163555748198;5239.297659015204;21.85991557464282;0.0018870077048070116;245.5849242139195;25.641176675416727;5.4168232378968755;270.95533522032576;12.869791650470924;7.6246595840338625;358.3089013557607;104.18270538350438;25.909007565137205;358.3089013557607;12.290408209852224;7.6246595840338625;83.47779993982931;499.1036264756276;105.04683447469668;1107.9220813729619;23.19738730752834;1.6957710489249838;159.0643732227166;0.046478098088235636;0.015580999999997402;0.21621499999997695
23-02-18-zmr2-afternoon-sync.csv;0.4801561983782071;0.029131935318444865;0.18333369142868938;0.7518398621503044;0.46813685753766227;0.4846677780151367;0.49663568945492015;0.5020004676971505;0.07129626607429711;0.09529661955656832;0.7543841609248408;0.460719652529116;0.48764659740306715;0.560037287959346;19.995006611591062;323.8253805142834;14.371411002081075;15.464887926152462;74.13138562295951;2.040762858581275;1.0000203180413858;384.09589700000004;9.727763010000007;2.139106999999939;372.1567440000002;24.131773000000013;348.02497100000016;2.303172999999944;371.9926780000002;36.666666666666664;63.33333333333333;26.666666666666668;36.666666666666664;37.22222222222222;62.77777777777778;0.005569200339570247;0.9689162183370059;0.06282746883911652;0.9060887494978894;0.005996348875343347;0.9684890698012328;10.30992528410164;17.808052763448288;7.498127479346648;10.30992528410164;10.466136273254696;17.65184177429523;0.49987516528977655;0.4906680521497308;7.968468769081087;3816.096702645465;0.0022210946730516976;1084.4600902554678;26.22528598688281;0.014902812605620265;4926.525161021885;24.305745894104906;0.0022210946730516976;361.391049890509;26.209857345762476;5.115621976671252;400.82344771576385;13.551284712928846;7.761690239145726;383.58710537380966;112.7227871781126;35.12430514853652;383.58710537380966;12.981260231555284;7.761690239145726;87.74490903354452;513.4017500997574;116.40646193438789;1001.9539163254649;26.147908659108307;1.8594768229399044;179.58882734143629;0.050930696387434596;0.011592999999990639;0.18022899999999975
23-02-19-game-afternoon-sync.csv;0.5243027919166713;0.03566159059137097;0.21408691125757554;0.9641610313864315;0.5010159155901741;0.5208217396455652;0.5401498570161707;0.5255989344008731;0.05145091568826665;0.13084908944589124;0.6900541517469618;0.49996781525788486;0.5300021136248554;0.5524341724537037;7.837307461384427;396.2468599177118;29.991586033329376;12.9593272983522;21.610959279692093;0.5785975966841257;1.00000041518525;972.272689;24.467642009998585;2.8555940000004023;944.9251620000009;140.53152099999997;804.3936410000009;4.027643000000375;943.7531130000009;6.195965417867435;93.80403458213257;50.14409221902017;43.65994236311239;7.204610951008646;92.79538904899135;0.002937029942636188;0.971872575143372;0.14453920447414723;0.8273333706692247;0.004142503482374763;0.9706671016036335;2.6535765420435458;40.17391462489182;21.47545666584079;18.698457959051034;3.0855541186552857;39.741937048280086;0.7168770735675781;0.7151100918524352;4.980689865391862;2806.7212272839165;0.02036403677649276;7636.547694167599;24.011361514708643;0.011948907410621525;4845.260185489781;18.349807188970946;0.02036403677649276;298.00670517348067;23.98563978035693;5.546341336084275;309.6302016453481;16.49504623763274;8.848370881028476;404.7149406350782;79.61270804708745;22.670369450955025;404.7149406350782;16.304302649208555;8.848370881028476;84.52910335851483;315.1340939385707;101.45341383504282;1007.3535833066734;11.078431315566398;1.6197287653639123;149.11149946180396;0.03515465806034279;0.011797999999998865;0.17991199999994478
23-02-19-game-evening-sync.csv;0.5153072573781463;0.03734403192174955;0.13808274269104004;0.9254459493300494;0.49453731144175805;0.5089621263391831;0.5298859371858484;0.48351803708610397;0.05194123163875004;0.11435699462890625;0.758857755307798;0.45664297033239293;0.4941286440248842;0.5138640368426287;10.959885972254554;383.3440576272484;28.28154483644997;16.565804659212347;40.20861462310697;0.653121809962974;1.0000140767811976;952.564655;24.55892200999886;3.1153629999999133;924.8504510000014;140.52009300000083;784.3303580000005;5.2874709999999645;922.6783430000012;9.219858156028367;90.78014184397163;49.787234042553195;40.99290780141844;11.063829787234042;88.93617021276596;0.003270500310553632;0.9709056977345033;0.1475176433036987;0.8233880544308044;0.0055507738737167025;0.96862542417134;4.094210276991644;40.31222426576388;22.10873549575488;18.203488770009002;4.913052332389974;39.49338221036555;0.7485056224346263;0.7459717053453224;6.99904812945441;2902.8454481044328;0.03076139136989205;2687.1013072685805;24.151048989557857;0.0037683218783541067;6788.710188600926;18.66532371021811;0.03076139136989205;315.92373860120256;24.12674660921945;5.720039959515501;316.0118813242723;16.095684521701813;8.338511031216685;1170.7670998173453;90.30399959343023;27.555190805231696;1170.7670998173453;15.845713471078582;8.338511031216685;95.53114847298828;328.4393742780464;80.24318373104678;1099.8952934181023;11.328815980206976;1.2801997532446057;153.46675932512565;0.03449286799157143;0.011825999999985015;0.19586200000003373
23-02-19-game-morning-sync.csv;0.5409450049724034;0.04078019078854024;0.24281989826875575;0.8948023178998161;0.5107575023875517;0.5407369277056526;0.5657570221844841;0.46589120464321593;0.04359326541023324;0.11951011375144671;0.7249051411946614;0.44104749891493056;0.4645861590350116;0.4844281797055845;7.955498935139763;379.48356337855654;29.692177128001948;12.77891167534261;9.54330537921357;0.5909882145671242;1.000004795422096;957.8280460000001;23.479586010000617;3.0426639999998955;931.2251799999995;125.88566199999963;805.3395179999998;5.1226629999998465;929.1451809999994;8.74811463046757;91.25188536953243;47.81297134238311;43.43891402714932;10.708898944193061;89.29110105580695;0.0031766286367437345;0.9722258435518805;0.13142824803023112;0.8407975955216493;0.005348207354537879;0.9700542648340862;3.6332199861268206;37.89824295873667;19.857426475900038;18.040816482836625;4.447562396810419;37.083900548053066;0.7088955087873883;0.7062971391953444;5.976476588149323;2796.803745842786;0.012620096693174234;6106.835890012874;23.80839165138086;0.010109655614353818;4586.348276717219;17.075819558766867;0.012620096693174234;208.8528403518947;23.773654397660795;5.791168046289265;278.0993052820451;16.180738014319942;7.877862748537416;812.4541472112257;79.79801027141701;30.888482506150527;812.4541472112257;15.972876384211252;7.877862748537416;75.73656103801287;327.0424718646532;96.736212668852;1131.6342845334336;11.32569593963028;1.5672384448169951;125.3124089480807;0.03463065783185932;0.01197100000001683;0.14795000000000158
23-02-19-paper-afternoon-sync.csv;0.5136887248818913;0.07333821877654662;0.21970287491293514;0.7619926789227653;0.45266255210427675;0.5084846720975988;0.5724904396954704;0.5173789093779245;0.05017103313891244;0.1538051463939526;0.7315376564308449;0.4891205116554543;0.5209061799225984;0.5508572189896195;9.068011046323601;582.6826820252242;26.88917164430679;31.297232569602986;18.461397707046117;0.6192829177660366;1.0000007042172354;952.799898;31.47525101000076;9.57639399999959;911.5800399999999;163.11758200000023;748.4624579999997;14.759881000000016;906.3965529999995;18.069584736251404;81.9304152637486;39.84287317620651;42.08754208754209;21.66105499438833;78.33894500561168;0.010050792427771219;0.9567381796676052;0.17119815224833307;0.7855400274192722;0.01549106064240995;0.9512979114529665;10.13854012818125;45.96977822094603;22.35516612114499;23.614612099801043;12.153653694030938;43.954664655096344;0.9708229418807096;0.9685793661857316;6.999902001372228;3838.9564785537646;0.036176334660435114;1600.3356311303264;32.110992196305205;0.010973716605244311;4553.774380190125;21.17757480749359;0.036176334660435114;172.69295888516382;32.103338301195066;5.935785700431457;182.351905783257;21.581560114472698;9.414693081839221;585.7769686206883;68.21710520869524;18.074001732220825;585.7769686206883;21.091641144755908;9.414693081839221;105.27965645338541;339.9919601777463;89.28872238642235;967.6050164106438;11.581528450191286;1.4329054168634574;130.90015677600857;0.034064124469697796;0.011864999999943393;0.1761149999999816
23-02-19-paper-evening-sync.csv;0.5114186366540144;0.07385044476204956;0.17165193838231704;0.7509102540857652;0.45241820110994224;0.508542958427878;0.5696283789242014;0.5117386928055245;0.053954800587656754;0.18881327311197915;0.6624991240324798;0.4792113692672164;0.5134941948784721;0.547742349130136;9.970865705249526;572.4154852674068;27.090653991621355;26.77710475560722;36.37373459010841;0.7578779748619285;1.000000600833231;956.787533;32.748420009999165;6.097909000000527;917.8031870000004;164.17896600000046;753.624221;9.094758000000455;914.8063380000006;14.560770156438027;85.43922984356198;41.75691937424789;43.682310469314075;16.726835138387486;83.27316486161251;0.006373315694112965;0.959254960317298;0.17159396452963654;0.7876609957876615;0.009505514742111983;0.956122761269299;7.587891511542093;44.52399151400732;21.76031697938104;22.763674534626276;8.716668761192983;43.395214264356426;0.8988411432405233;0.9035054927369003;9.96080423533327;4228.77034322723;0.004045498610698104;1631.0249326718829;33.92040716565379;0.007576382177560356;6011.983868462874;23.356587042521397;0.004045498610698104;376.204261953248;34.08492085060547;6.069997134560282;424.35023328294335;21.635983492925632;4.0750360133162555;487.62650013425974;85.51726550894165;18.950954441174858;487.62650013425974;21.211554541448606;4.0750360133162555;100.69356061843206;380.1867830685034;92.99702147372996;1076.303418628272;14.494198433268672;1.4693529392861344;130.83486737632322;0.0381238882537825;0.011236999999999497;0.17590400000005957
23-02-19-paper-morning-sync.csv;0.5070919263677942;0.07174387158531163;0.17534532266504624;1.0092918171602137;0.4524270296096801;0.5055896254146801;0.5572153399972355;0.47832504560879735;0.05482841728977446;0.13103846797236685;0.7585992601182725;0.4598555105703849;0.4900874667697483;0.5089017797399451;20.52092636146562;609.0456069167059;35.23404337534662;35.42763702026611;25.486850627940196;0.8492891152518904;1.0000000726933007;929.782587;41.01177501000002;15.495608000000914;872.987292999999;193.8310789999996;679.1562139999994;21.290839000000794;867.192061999999;27.299128751210066;72.70087124878994;41.626331074540175;31.07454017424976;30.68731848983543;69.31268151016457;0.01666584018313188;0.9389155112236997;0.2084692504571497;0.73044626076655;0.022898728474467327;0.9326826229323641;18.197802622431773;48.462942444844906;27.748422438459798;20.714520006385104;20.456395146492454;46.204349920784225;1.178770193509765;1.186082272602831;8.998767168897905;4902.042382212412;0.0006585395135682636;3914.822116410091;38.563446869703036;0.02553271561004207;6573.586138870302;30.1158798895903;0.0006585395135682636;303.6768665872166;38.91286235057364;0.15777478338466874;326.99424674547856;22.545206888469206;5.452646762882087;1489.059983917268;84.74424710305875;17.391204465445306;1489.059983917268;21.441167972159196;5.452646762882087;129.86079649097204;385.0715255140612;93.70931780546192;1050.9504514905257;14.422344079580055;1.5003798873771539;135.12668885125802;0.0374536758082192;0.011830999999972391;0.17191800000000512
23-02-19-rings-afternoon-sync.csv;0.4845966388925352;0.04587313430096878;0.25506016787360697;0.690647237441119;0.4515569069806268;0.4902788611019359;0.5151783999274758;0.5078525173134965;0.04808324142584792;0.16007826063368058;0.604754638671875;0.4885535911277489;0.5087835806387442;0.5379126937301071;3.005071095036262;251.2990703224074;6.010142190072524;6.385776076952056;7.560976207116662;0.7769032370412339;1.0000838037916722;319.45999600000005;2.6030550100001113;1.2124660000000471;315.6204759999999;8.795999999999951;306.82447599999995;1.3724130000000354;315.4605289999999;32.8125;67.1875;35.9375;31.25;34.375;65.625;0.003795360969077477;0.987981218155402;0.027533963908269597;0.9604472542471324;0.004296040246616779;0.9874805388778627;3.9441558122350937;8.076128567909953;4.319789699114626;3.7563388687953276;4.131972755674861;7.888311624470187;0.20972892017440578;0.2070540267118765;6.972340724346521;1796.7127233568724;0.007685129851555248;276.1928909748281;13.090875914013958;0.01279076719745841;2238.2750791484186;7.614176716695382;0.007685129851555248;127.05600746628483;13.059843613614563;4.882904882246599;138.4214980283964;10.010064526102584;7.476011407615074;837.6233225203108;84.50193002392933;21.812884958160566;837.6233225203108;9.723901678757436;7.476011407615074;72.88956470246212;387.4002629587126;103.4005665688774;743.7748828994742;15.279154475303596;1.6537886617025397;83.29386158614382;0.03944022742424411;0.011995000000013079;0.11998700000003737
23-02-19-rings-evening-sync.csv;0.4922779076255632;0.055139605122631885;0.1665159113266889;0.7200241088867188;0.4573492372737212;0.4958208028007956;0.5304971162010641;0.5393643013033189;0.03836923995694508;0.18785858154296875;0.7119311862521701;0.529050205371998;0.5479700865568937;0.5570092589766891;3.222910928094709;279.4453357653883;6.25623886041914;4.549991898486647;17.891133696559226;0.8959274412215967;1.000002146413673;316.48408;2.468980009999904;0.6761380000000923;313.32296199999996;8.191684999999913;305.13127700000007;0.6761380000000923;313.322962;19.642857142857142;80.35714285714286;33.92857142857143;46.42857142857143;19.642857142857142;80.35714285714286;0.0021364044599023503;0.9900117629929441;0.02588340304510708;0.9641283599478371;0.0021364044599023503;0.9900117629929442;2.0854129534730466;8.531234809662463;3.6020769196352624;4.929157890027201;2.0854129534730466;8.531234809662463;0.1832635625779344;0.18031305774113554;4.981538418620591;2067.3502124074175;0.0005638770029927084;692.2901818367583;14.59314264634077;0.024690963347656157;5805.331477303294;8.05120742850461;0.0005638770029927084;237.79367910184848;14.5810979055218;4.918452044562197;277.3946798243691;10.907832141141657;8.129459737750606;544.6875797886422;64.6233609790659;34.67216296927243;544.6875797886422;10.79191625072459;8.129459737750606;67.50791697359769;482.8236709837321;94.60482498905259;1017.6366690405783;20.913719158133425;1.5129203612249085;132.21155540625568;0.043315438771928144;0.01546599999999998;0.15608500000000003
23-02-19-rings-morning-sync.csv;0.479273780434884;0.049284642756673276;0.2881294699276195;0.6959968454697553;0.4436194756451775;0.48400115966796875;0.5145322435042438;0.5090138968129597;0.04261651685434813;0.1348400539822049;0.6727374606662326;0.4925280535662616;0.5039725127043547;0.5315878620854131;2.822328467836617;258.90159811621237;5.832812166862342;8.843295865888068;10.405267208498685;0.7098791808889647;1.0001907768006042;318.88563300000004;2.4176910099999205;1.0122880000000238;315.41575100000006;11.503780999999965;303.9119700000001;1.504906000000017;314.9231330000001;23.61111111111111;76.38888888888889;44.44444444444444;31.944444444444443;27.77777777777778;72.22222222222221;0.0031744547111660676;0.9891187258348513;0.03607494289339765;0.9530437829414538;0.004719265605797978;0.9875739149402196;3.198638930214833;10.34853771540093;6.02096739805145;4.327570317349481;3.7631046237821564;9.784072021833607;0.24773772106565864;0.25072415256398706;6.972118498125844;1751.5275426813232;0.00015833349085898053;1864.576767022302;12.632179011263098;0.005117396284477357;2435.6568146963455;6.631927888846772;0.00015833349085898053;171.13414754846565;12.89387536834433;1.6647150376987214;196.19136276363412;10.024539405109683;5.956858197971274;541.6070331436887;98.14047898308618;24.331824811214357;541.6070331436887;9.74174215145171;5.956858197971274;82.92089250713785;352.69393397045326;105.37471803694137;749.8908715641224;10.932114787716287;1.7066489333260089;67.7907069342505;0.03099603858974257;0.011570000000006075;0.12398600000000215
23-02-19-zmr1-afternoon-sync.csv;0.4984758320990621;0.03659262367958186;0.12877806495217717;0.7540788650512695;0.4870453301598044;0.4991857865277459;0.5111887735479018;0.5611284763161815;0.05575572813648847;0.13426677562572342;0.7668843163384331;0.5540333076759623;0.5666560137713397;0.5832427907873083;12.484393919298585;276.1429035959139;10.255037862280979;15.754116136257737;23.978066821966497;1.2094597031169094;1.000015941154693;403.704019;8.23274201000005;1.7275770000000783;393.69150599999983;24.38318399999986;369.308322;2.3877940000000812;393.03128899999984;23.214285714285715;76.78571428571428;36.30952380952381;40.476190476190474;25.595238095238095;74.40476190476191;0.004279315832127196;0.975198381663869;0.06039866548863825;0.9147997161752307;0.005914714463122749;0.9735629830328735;5.7963257482457715;19.172462090351395;9.066047965204923;10.106414125146474;6.390820696783798;18.577967141813367;0.4359629622612204;0.43409512068289113;5.999898001733887;2822.1377869063504;0.00769328202763353;4822.020455501744;21.57456103649408;0.014836992834038637;4809.542678297641;19.701571125004186;0.00769328202763353;240.20258327656956;21.56618198335144;4.7208522021539165;275.1010852347534;12.00486249128751;6.233473482449705;589.3093281211741;106.41238526955192;32.22522033032789;589.3093281211741;11.590588212129797;6.233473482449705;83.5112168930448;480.8345490992071;103.32747070839302;1083.105417386379;22.62049595559128;1.6380503931401438;169.74877559220116;0.047044240057143145;0.01185299999997369;0.21581799999999962
23-02-19-zmr1-evening-sync.csv;0.486749655548211;0.027796334287574012;0.10780043461743523;0.7357812769272748;0.4758087606991039;0.4881488856147317;0.49860039879294;0.5271296456464969;0.04548143218867136;0.13201796920211228;0.6597015380859375;0.5088714882179544;0.5251975165473091;0.5568563955801504;12.198860855058768;295.1490619866816;11.72358056200453;13.307848205518656;113.44597291699385;1.3485365597970238;1.0000221755696348;378.723887;5.827630010000077;1.7111219999998877;371.085827;17.315453000000076;353.77037399999995;2.2150089999999647;370.5819399999999;36.496350364963504;63.503649635036496;27.73722627737226;35.76642335766424;38.68613138686132;61.31386861313869;0.004518125364508333;0.9798321144713008;0.045720519867816195;0.9341115946034847;0.005848611814654207;0.9785016280211549;7.921338217570629;13.783128498572893;6.020217045353678;7.762911453219215;8.396618510624867;13.307848205518656;0.4198309255312433;0.41764934698548856;5.978263035602548;2533.3136219541725;0.014429442171335866;2371.052444654589;17.960343031773505;0.021256942358473415;6803.682679973551;14.475432632441356;0.014429442171335866;187.91048711868308;17.94955280643642;4.6366377178160825;224.0091619377859;11.664570306009105;6.551812009682185;1009.7421504804494;129.9358769659381;49.34360197495793;1009.7421504804494;11.119206888834215;6.551812009682185;79.5763406372698;419.2387841536436;108.86042290384871;1015.8874644341574;15.463091898036193;1.7471009271849052;115.28627394850666;0.03688373424050682;0.011797999999998865;0.14409899999998288
23-02-19-zmr1-morning-sync.csv;0.4913379471815903;0.02982144636631965;0.22637294320499196;0.7423907448263729;0.48653413267696605;0.49313929501701803;0.5003281761618221;0.5453583128707928;0.05793683320305783;0.0947861848054109;0.6935380158600983;0.5327313175907842;0.5472103260181569;0.5794306931672273;16.522699509872307;302.8656295479346;13.036258328890078;20.767062686720237;50.44824694237392;1.5694549324731357;1.0000041059853881;395.81909700000006;9.229700009999895;3.130874000000084;383.36227100000013;26.058750000000074;357.30352100000005;3.9744980000001178;382.5186470000001;35.78431372549019;64.21568627450979;27.450980392156865;36.76470588235294;38.23529411764706;61.76470588235294;0.007909860902946993;0.9685289919197609;0.06583499936588474;0.9026939925538762;0.010041198189081103;0.9663976546336268;11.06566113963925;19.857556291681398;8.488726353695865;11.368829937985533;11.823583135504954;19.099634295815694;0.565915090246391;0.5616640482127978;7.969580112709577;3265.4852850856223;0.034650886185969135;7017.007373574731;22.599307472557733;0.0;4603.415296227333;20.96038051987113;0.034650886185969135;338.87807085526674;22.39895694985747;4.1779565478620855;358.5103306961684;12.265630367835854;5.933714397475455;686.189874302744;100.70172117849414;32.660360017354606;686.189874302744;11.543383349276011;5.933714397475455;76.42846516392841;454.509476937089;103.92054503136941;959.5535817547094;18.811596967853355;1.675303106450527;131.35610215769753;0.04138878928251074;0.012016000000016902;0.2199939999999856
23-02-19-zmr2-afternoon-sync.csv;0.47569082636611165;0.03649845003173576;0.18878528651069193;0.7380418216480928;0.4656397595125087;0.48213717516730814;0.49050673316506777;0.4996292623918568;0.04711007291481836;0.1327179520218461;0.7001266479492188;0.4794459025065104;0.5046076456705729;0.5235903139467593;13.72209033876863;346.11783184277044;16.787663712323322;24.23262761952758;37.61811082728815;0.8789315361130424;1.0000116588426236;411.016096;9.284419010000429;2.9137239999999016;398.67110499999984;40.767194999999724;357.9039100000001;2.9137239999999016;398.67110499999984;32.0;68.0;31.6;36.4;32.0;68.0;0.007089075168481727;0.969964701820339;0.09918637103691366;0.8707783307834254;0.007089075168481727;0.969964701820339;11.678374756398835;24.816546357347523;11.53239507194385;13.284151285403674;11.678374756398835;24.816546357347523;0.6861045169384316;0.6822772168683197;6.944885389548537;3143.683710174275;0.004873656525047716;2405.466505946129;22.744903399654806;0.02559723061874417;5591.477305033884;16.622099265196795;0.004873656525047716;161.43985327643466;22.713642557573504;5.247289233825322;169.76094612517582;14.344140858303849;7.591116851228495;461.1680037071445;107.45403523095759;30.643034340960416;461.1680037071445;13.663638734309654;7.591116851228495;90.4662059488842;384.79884830413135;112.44555040209612;987.8185293338054;12.713999082637539;1.7865349047873436;122.18024431369446;0.03304063704626487;0.011904999999998722;0.15604999999999336
23-02-19-zmr2-evening-sync.csv;0.48852036917908004;0.027001545344424123;0.2125082717222326;0.7589265598970301;0.48133373260498047;0.4925815357881434;0.5025824939503389;0.5009339596262649;0.05553303765051718;0.14362261736834492;0.7658334661413122;0.46831715901692705;0.49698610658998843;0.5327004044144241;9.605795374764384;284.8669480811274;8.818435098144354;16.849509919668677;21.91338759883293;1.1009620271429867;1.000014456185404;381.019984;5.629356009999977;1.7387019999999787;373.5877660000001;19.16111400000012;354.426652;2.5308960000000305;372.79557200000005;33.11258278145696;66.88741721854305;27.1523178807947;39.735099337748345;36.423841059602644;63.576158940397356;0.0045632829589326174;0.9804938892653989;0.05028900006462684;0.9302048892007722;0.0066424232488551845;0.9784147489754764;7.873602766200315;15.904677587724636;6.456354268284258;9.448323319440378;8.660963042820347;15.117317311104605;0.4304236178856172;0.4262672613668391;8.999973000081068;2442.706712677927;0.00108798559028603;1140.1147891450032;18.081101200908485;0.021323102353341783;4474.496469890943;14.74166691033064;0.00108798559028603;203.92912228702863;18.059824015994547;4.474854957356017;216.85028446351416;11.83698304423222;7.121508928313303;905.6706236993934;123.57123459000701;42.9859408000298;905.6706236993934;11.31696449921174;7.121508928313303;91.91649610173909;433.47980221826043;100.7008474736272;1080.140269767514;14.970626563380158;1.6281313019529298;184.93459725297268;0.03453592644171765;0.012134000000003198;0.21612899999999957
23-02-19-zmr2-morning-sync.csv;0.51115224976286;0.03534305010355528;0.190579610712388;0.7124496347763959;0.4950413423426011;0.5137028413660386;0.5322464774636662;0.5045254998598309;0.054978519904546906;0.1449211968315972;0.6776869879828559;0.48906880131474245;0.512044044777199;0.5331464696813513;8.250924592498038;280.22584634521115;11.306822589719534;12.681976688469206;15.085097181518815;0.8672995682119935;1.000002455897077;392.68326400000007;5.544915009999558;1.6564510000003576;385.4190150000001;18.75880700000021;366.6602079999999;1.816514000000394;385.2589520000001;30.136986301369863;69.86301369863014;27.397260273972602;42.465753424657535;30.82191780821918;69.17808219178082;0.004218287744497197;0.9815009966913183;0.047770833951304346;0.9337301627400139;0.004625901245438343;0.9810933831903771;6.7229755938872895;15.58507978582963;6.111795994442992;9.473283791386637;6.875770493748365;15.432284885968551;0.4023599029674969;0.40033174937984267;6.999083120111194;2436.9114396079963;0.005444254503451616;1018.6998573086972;17.42571341957787;0.010800198561848117;5762.349822061039;12.569990287960957;0.005444254503451616;173.60413361803947;17.428471605411392;4.617765149947107;185.68165574242542;12.135771499690557;5.69700110117135;452.2405706638007;129.18314580239527;52.74239224765432;452.2405706638007;11.632726158012808;5.69700110117135;65.26307204169844;385.98052022336833;98.77195163478524;982.1895260127184;13.632032994611421;1.5803512261528807;135.71457544106661;0.03531792999999719;0.011496000000022377;0.16798799999997982
23-03-4-game-morning-sync.csv;0.47480985021375;0.028744846804309124;0.11157048449796789;0.7595282722921932;0.45926461500280047;0.4715120652142693;0.48541534648222084;0.42339773039924633;0.040342097623927264;0.11706328215422457;0.5994142037850839;0.39883665861906825;0.4190533673321759;0.4446920889395255;18.664896098755488;370.22886187833456;30.690600967752314;18.16382506254729;93.76489958031716;1.489108213325973;1.0000037383475653;957.9480060000001;32.17575001000084;8.008302999999511;917.5611609999994;123.52450199999964;794.0366589999998;10.188235999999431;915.3812279999995;20.59620596205962;79.40379403794037;41.05691056910569;38.34688346883468;22.35772357723577;77.64227642276423;0.00835985142183125;0.9578402535972285;0.1289469796130038;0.8288932739842246;0.010635479103444609;0.9555646259156151;9.52034968795582;36.70345340225072;18.978065496385614;17.725387905865112;10.334590121794147;35.889212968412394;0.815284331830427;0.8129538394621882;8.997066956172533;4211.58692517079;0.027035724586713064;469.5449676270759;32.066327760751086;0.018404744165070985;5771.69549807554;33.61849441327791;0.027035724586713064;297.0296021682669;32.02506236725797;6.604663423020571;307.52615815047494;16.723876064446166;9.388371167679097;703.1055308908915;88.73267595143076;24.541395549242598;703.1055308908915;16.095396664374803;9.388371167679097;90.61728664627748;472.95873741878563;102.56133151435792;1213.6984588378905;19.510002692605738;1.6411864269000729;178.9634438571269;0.041250961551283126;0.011977999999999156;0.17602099999999155
23-03-4-paper-morning-sync.csv;0.4802264916854186;0.09756771257974674;0.1001130272360409;0.7677036173203412;0.393906831741333;0.4786027179044836;0.561609660877901;0.4336735603882293;0.04734250474712691;0.07158299198857065;0.6700441713686343;0.4091284151430483;0.4378207736545139;0.46456175910101993;28.5975053650607;569.6366012492091;40.357827796085665;29.81852244806329;362.66380010060965;1.5211168064642544;1.0000014221615083;933.647871;49.74648501000057;18.88344800000015;864.7153319999998;147.87848300000013;716.8368489999996;28.074652999999664;855.5241270000002;34.60410557184751;65.39589442815249;34.50635386119257;30.889540566959923;40.07820136852395;59.92179863147605;0.020225449643852023;0.926168589742331;0.1583878543434285;0.7677807353989025;0.030069851677517148;0.9163241877086659;22.749476178048287;42.99265413309126;22.68521212104815;20.3074420120431;26.348263370055925;39.393866941083616;1.1706769050191514;1.1682204270245438;10.958183571490874;6068.357678681344;0.022574849740177757;2788.871941761739;45.8927170153399;0.030434591208280064;7357.277095257084;40.65441192204988;0.022574849740177757;244.833449561204;45.87731476912773;6.57362140306619;314.40604799820585;22.698282869270052;10.553041489701556;1061.9937967482012;82.76571843824897;15.949970076051889;1061.9937967482012;21.386544481088936;10.553041489701556;84.10738527168806;457.54073317589484;85.72434805027041;1371.8113309183946;20.843446176189858;1.4883586726704767;163.5429496002101;0.04555538920329722;0.011670999999978449;0.18018400000001122
23-03-4-rings-morning-sync.csv;0.45139033476340235;0.05286631615714873;0.11453876775853773;0.7432467516730813;0.4129611464107738;0.4546699523925781;0.49277670243207145;0.42242426339232764;0.04565929401956492;0.09943836353443292;0.6517247235333479;0.396705796983507;0.42012786865234375;0.44829418041087965;15.059498761902132;329.6147791511329;13.553548885711917;12.988817682140589;162.30323602774263;3.4479161680933106;1.0000224500167734;318.73570800000005;7.581521010000084;2.8025360000000124;308.2957779999999;15.207884999999868;293.08789300000007;3.9463940000000335;307.15191999999996;34.090909090909086;65.90909090909092;31.818181818181817;34.090909090909086;39.39393939393939;60.60606060606061;0.00879266404628882;0.9672458098105527;0.047713151110135;0.9195326587004178;0.012381399074370521;0.9636570747824712;8.470968053569948;16.37720490356857;7.906236849998619;8.470968053569948;9.788674195236386;15.059498761902132;0.4455101717062714;0.4401957119431634;5.976530166037773;3837.666051124613;0.015674524277216967;825.9130730366032;27.203034487682768;0.00588524732954172;9624.157946814168;22.855144189079702;0.015674524277216967;198.04300368321154;27.150939777819655;6.352223948606175;280.99275989804175;13.655798336575836;9.959140360677848;762.650961868186;88.4249597822799;34.52181691293774;762.650961868186;12.976115767245165;9.959140360677848;93.2073847317803;582.6420908362209;107.97292366333704;1331.053153880455;31.328462787128974;1.7338292081844415;159.89142905673654;0.053769652553192084;0.011994000000015603;0.18798900000001595
23-03-4-zmr1-morning-sync.csv;0.4824265828093693;0.03080646383038893;0.09963890384225284;0.7358901640948129;0.47775240505442895;0.48548617082483625;0.4922092101153206;0.45706070422594763;0.04133587378632258;0.12623132776331014;0.6497182492856626;0.4463029084382234;0.4587674176251447;0.47943137839988426;29.74543812508643;324.70718489619486;24.261642269623568;19.11019767812815;157.54190795555647;2.566764563177897;1.0000555213510607;361.06376900000004;14.465981009999865;4.750842000000073;341.7105730000002;21.08814200000016;320.622431;4.914788000000083;341.5466270000001;49.159663865546214;50.84033613445378;19.327731092436977;31.512605042016805;49.57983193277311;50.42016806722689;0.013157902863413784;0.9463995070632527;0.05840558873687534;0.8879939183263773;0.013611966699433868;0.9459454432272325;19.4425489420956;20.10725147003049;7.6440790712512605;12.463172398779228;19.60872457407932;19.941075838046768;0.7256335929955907;0.7224120932125555;7.99681726672815;5474.214974676042;0.0033812358422075626;1925.0922718406937;37.74060489618106;0.008381314381983253;8017.112164249403;45.966922099866956;0.0033812358422075626;502.6260314339832;37.68976958284511;5.778575273697491;534.8843063969638;14.106106641263564;8.358915666906134;744.2929177540317;101.59533310705265;33.1515642105272;744.2929177540317;12.889733709483878;8.358915666906134;79.09087325488026;603.1542860906136;109.96012771194312;1276.3392478393662;33.30236049117116;1.8031572088588639;253.06012857232903;0.05521366797709872;0.011753000000000569;0.27198299999999875
23-03-4-zmr2-morning-sync.csv;0.48255225178594957;0.03706004458975479;0.08048487410825841;0.7027608086081112;0.4752279449911678;0.486727097455193;0.496189229628619;0.36746109424266094;0.03668211069161352;0.11076694064670134;0.5802130805121528;0.34996467872902204;0.3673634847005208;0.38829128124095774;31.985378211781168;385.9352487786997;26.627421455492954;29.06285634471487;181.10514715641688;2.6369762710720033;1.000008429920005;369.54385600000006;17.230213009999378;5.802945000000115;346.2935700000002;33.27969499999998;313.0138750000002;5.9786130000001165;346.1179020000002;45.48494983277592;54.51505016722409;23.411371237458194;31.103678929765888;45.819397993311036;54.18060200668896;0.015702994125817948;0.9370838247680139;0.09005614478407124;0.8470276799839426;0.01617835854372888;0.9366084603501029;22.081276328945375;26.465059129544827;11.365362816368943;15.099696313175881;22.243638654893505;26.302696803596696;0.9308773354359325;0.9264917788734222;7.966857871255473;7059.82018487756;0.007564583963285136;6403.998877960769;46.84506090304003;0.022447036412074142;7546.869353307048;50.106874891420695;0.007564583963285136;374.8912484192167;46.8035193678601;7.11332506631516;388.23419599083735;17.676081470051955;9.776804876402338;1158.3972871563255;99.08229433964786;35.31725240846977;1158.3972871563255;16.31193319619343;9.776804876402338;122.41773835742124;642.1985853813569;95.72296721555318;1442.4586523663486;32.26011201411386;1.5354921171048135;161.86247488818603;0.05023385717200985;0.011935999999991509;0.20006200000000263
