section id,recording id,fixation id,start timestamp [ns],end timestamp [ns],duration [ms],fixation x [px],fixation y [px],azimuth [deg],elevation [deg]
6044b25c-8189-40b1-abbf-5b700453e1ee,1b83f533-8348-4851-a985-1b3ffab03256,1,1674616872462051236,1674616873245979236,783,272.884,690.79,-20.941211433622335,-12.9128886171471
6044b25c-8189-40b1-abbf-5b700453e1ee,1b83f533-8348-4851-a985-1b3ffab03256,2,1674616873621974236,1674616873778099236,156,547.594,923.916,0.14301304524987538,-30.789540209462864
6044b25c-8189-40b1-abbf-5b700453e1ee,1b83f533-8348-4851-a985-1b3ffab03256,3,1674616873829957236,1674616874229966236,400,529.519,894.235,-1.3459208892774321,-28.538506330813767
6044b25c-8189-40b1-abbf-5b700453e1ee,1b83f533-8348-4851-a985-1b3ffab03256,4,1674616874278203236,1674616874401970236,123,572.408,708.299,2.0449240455233477,-14.516321934922185
6044b25c-8189-40b1-abbf-5b700453e1ee,1b83f533-8348-4851-a985-1b3ffab03256,5,1674616874577999236,1674616874706024236,128,547.49,693.162,0.12662108550513115,-13.379639437563352
6044b25c-8189-40b1-abbf-5b700453e1ee,1b83f533-8348-4851-a985-1b3ffab03256,6,1674616874769958236,1674616874837987236,68,551.897,695.705,0.46493401659065375,-13.570985617712099
6044b25c-8189-40b1-abbf-5b700453e1ee,1b83f533-8348-4851-a985-1b3ffab03256,7,1674616875074074236,1674616875190009236,115,568.151,745.569,1.7330159091765245,-17.323347929837407
6044b25c-8189-40b1-abbf-5b700453e1ee,1b83f533-8348-4851-a985-1b3ffab03256,8,1674616875314038236,1674616876021984236,707,556.545,740.009,0.8301295996997304,-16.906807954680268
6044b25c-8189-40b1-abbf-5b700453e1ee,1b83f533-8348-4851-a985-1b3ffab03256,9,1674616876049963236,1674616876189979236,140,542.104,775.867,-0.2937173999104754,-19.608065433009223
6044b25c-8189-40b1-abbf-5b700453e1ee,1b83f533-8348-4851-a985-1b3ffab03256,10,1674616876509981236,1674616879089954236,2579,542.968,749.963,-0.2239178489057222,-17.657023400435502
6044b25c-8189-40b1-abbf-5b700453e1ee,1b83f533-8348-4851-a985-1b3ffab03256,11,1674616879281908236,1674616879374000236,92,529.195,246.764,-1.3125871869899575,20.322542548626657
6044b25c-8189-40b1-abbf-5b700453e1ee,1b83f533-8348-4851-a985-1b3ffab03256,12,1674616879421920236,1674616880162053236,740,551.523,471.247,0.4294875105037642,3.3511209673326503
6044b25c-8189-40b1-abbf-5b700453e1ee,1b83f533-8348-4851-a985-1b3ffab03256,13,1674616880189981236,1674616880937988236,748,584.514,527.89,2.915619812062696,-0.9226215629324428
6044b25c-8189-40b1-abbf-5b700453e1ee,1b83f533-8348-4851-a985-1b3ffab03256,14,1674616881161983236,1674616881613951236,451,524.519,474.386,-1.6082557880846045,3.1139057558052143
6044b25c-8189-40b1-abbf-5b700453e1ee,1b83f533-8348-4851-a985-1b3ffab03256,15,1674616881641995236,1674616881729933236,87,546.49,497.345,0.04962627829505533,1.3814717057874168
6044b25c-8189-40b1-abbf-5b700453e1ee,1b83f533-8348-4851-a985-1b3ffab03256,16,1674616881857980236,1674616881977944236,119,550.635,493.068,0.3621850183463214,1.704209032381861
6044b25c-8189-40b1-abbf-5b700453e1ee,1b83f533-8348-4851-a985-1b3ffab03256,17,1674616882074212236,1674616882594020236,519,712.576,702.268,12.814522699111997,-13.947137729053347
6044b25c-8189-40b1-abbf-5b700453e1ee,1b83f533-8348-4851-a985-1b3ffab03256,18,1674616882678033236,1674616883094120236,416,492.104,458.145,-4.058313380033434,4.336994417132018
6044b25c-8189-40b1-abbf-5b700453e1ee,1b83f533-8348-4851-a985-1b3ffab03256,19,1674616883221981236,1674616883293978236,71,421.543,783.138,-9.769053804240336,-20.064042314071113
6044b25c-8189-40b1-abbf-5b700453e1ee,1b83f533-8348-4851-a985-1b3ffab03256,20,1674616883341991236,1674616884058019236,716,391.291,706.658,-11.892797921240083,-14.29411120192849
6044b25c-8189-40b1-abbf-5b700453e1ee,1b83f533-8348-4851-a985-1b3ffab03256,21,1674616884110016236,1674616884270215236,160,517.704,571.685,-2.1235463730919735,-4.225213203413997
6044b25c-8189-40b1-abbf-5b700453e1ee,1b83f533-8348-4851-a985-1b3ffab03256,22,1674616884329940236,1674616884509966236,180,577.507,475.519,2.3899297301459725,3.0278503250025244
6044b25c-8189-40b1-abbf-5b700453e1ee,1b83f533-8348-4851-a985-1b3ffab03256,23,1674616884538103236,1674616886609885236,2071,591.769,445.84,3.472747230938406,5.266045172868936
6044b25c-8189-40b1-abbf-5b700453e1ee,1b83f533-8348-4851-a985-1b3ffab03256,24,1674616886637904236,1674616886953957236,316,545.018,483.792,-0.06142532044604416,2.404254073715008
6044b25c-8189-40b1-abbf-5b700453e1ee,1b83f533-8348-4851-a985-1b3ffab03256,25,1674616887042154236,1674616887362166236,320,741.788,728.028,15.150771702156396,-15.820894853696352
6044b25c-8189-40b1-abbf-5b700453e1ee,1b83f533-8348-4851-a985-1b3ffab03256,26,1674616887441937236,1674616888041941236,600,515.889,493.822,-2.2576747908778345,1.647034302528676
6044b25c-8189-40b1-abbf-5b700453e1ee,1b83f533-8348-4851-a985-1b3ffab03256,27,1674616888129945236,1674616889414020236,1284,515.641,459.912,-2.280146602894689,4.205808976826058
6044b25c-8189-40b1-abbf-5b700453e1ee,1b83f533-8348-4851-a985-1b3ffab03256,28,1674616889457967236,1674616889722076236,264,534.806,491.316,-0.8313718325093233,1.8363582321255074
6044b25c-8189-40b1-abbf-5b700453e1ee,1b83f533-8348-4851-a985-1b3ffab03256,29,1674616889817960236,1674616892742007236,2924,550.228,489.133,0.33153107789238484,2.001177549612597
6044b25c-8189-40b1-abbf-5b700453e1ee,1b83f533-8348-4851-a985-1b3ffab03256,30,1674616892774182236,1674616893409958236,635,470.507,473.883,-5.684195046492152,3.1478290260557
6044b25c-8189-40b1-abbf-5b700453e1ee,1b83f533-8348-4851-a985-1b3ffab03256,31,1674616893442012236,1674616903498119236,10056,536.804,486.781,-0.6808265170407065,2.1786278913758634
6044b25c-8189-40b1-abbf-5b700453e1ee,1b83f533-8348-4851-a985-1b3ffab03256,32,1674616903529957236,1674616903978006236,448,459.958,469.339,-6.481877083094633,3.4887759491237014
6044b25c-8189-40b1-abbf-5b700453e1ee,1b83f533-8348-4851-a985-1b3ffab03256,33,1674616904037936236,1674616905077994236,1040,469.701,469.614,-5.746366905634046,3.469448475883643
6044b25c-8189-40b1-abbf-5b700453e1ee,1b83f533-8348-4851-a985-1b3ffab03256,34,1674616905113988236,1674616908789942236,3675,539.379,477.024,-0.48688928473024873,2.915082535318576
6044b25c-8189-40b1-abbf-5b700453e1ee,1b83f533-8348-4851-a985-1b3ffab03256,35,1674616908930113236,1674616909037953236,107,472.384,494.493,-5.53799699495006,1.594920942493137
6044b25c-8189-40b1-abbf-5b700453e1ee,1b83f533-8348-4851-a985-1b3ffab03256,36,1674616909149960236,1674616909426043236,276,720.24,796.702,13.76353455873958,-20.984159928268014
6044b25c-8189-40b1-abbf-5b700453e1ee,1b83f533-8348-4851-a985-1b3ffab03256,37,1674616909893983236,1674616911353997236,1460,533.81,490.903,-0.9065002787785919,1.8675779953343568
6044b25c-8189-40b1-abbf-5b700453e1ee,1b83f533-8348-4851-a985-1b3ffab03256,38,1674616911385995236,1674616912321977236,935,456.374,455.693,-6.7584116123124875,4.516004124546857
6044b25c-8189-40b1-abbf-5b700453e1ee,1b83f533-8348-4851-a985-1b3ffab03256,39,1674616912349984236,1674616921029930236,8679,541.252,486.046,-0.3454176687004633,2.234152535697104
6044b25c-8189-40b1-abbf-5b700453e1ee,1b83f533-8348-4851-a985-1b3ffab03256,40,1674616921197988236,1674616928809936236,7611,542.588,481.672,-0.24469880979373687,2.5642726936330513
6044b25c-8189-40b1-abbf-5b700453e1ee,1b83f533-8348-4851-a985-1b3ffab03256,41,1674616928921942236,1674616929169933236,247,729.387,726.636,14.186939982674877,-15.739338814167665
6044b25c-8189-40b1-abbf-5b700453e1ee,1b83f533-8348-4851-a985-1b3ffab03256,42,1674616929270096236,1674616931461930236,2191,531.57,474.065,-1.0762036006860154,3.1382737249537636
6044b25c-8189-40b1-abbf-5b700453e1ee,1b83f533-8348-4851-a985-1b3ffab03256,43,1674616931501961236,1674616936393981236,4892,535.477,474.809,-0.7813422951229217,3.0821973966017056
6044b25c-8189-40b1-abbf-5b700453e1ee,1b83f533-8348-4851-a985-1b3ffab03256,44,1674616936418009236,1674616936869936236,451,524.661,480.169,-1.5970536649354417,2.6774379637057826
6044b25c-8189-40b1-abbf-5b700453e1ee,1b83f533-8348-4851-a985-1b3ffab03256,45,1674616936901924236,1674616937329921236,427,449.025,441.834,-7.321885998263485,5.557915238609917
6044b25c-8189-40b1-abbf-5b700453e1ee,1b83f533-8348-4851-a985-1b3ffab03256,46,1674616937469918236,1674616941589970236,4120,538.958,469.321,-0.5188341064623389,3.496479140944685
6044b25c-8189-40b1-abbf-5b700453e1ee,1b83f533-8348-4851-a985-1b3ffab03256,47,1674616941717911236,1674616941977930236,260,724.906,803.072,14.163337233013808,-21.44920104899863
6044b25c-8189-40b1-abbf-5b700453e1ee,1b83f533-8348-4851-a985-1b3ffab03256,48,1674616942202102236,1674616942345929236,143,535.895,507.073,-0.7489878027010816,0.6473440981217321
6044b25c-8189-40b1-abbf-5b700453e1ee,1b83f533-8348-4851-a985-1b3ffab03256,49,1674616942513920236,1674616944321908236,1807,529.081,474.74,-1.2639896165010687,3.0872907284831705
6044b25c-8189-40b1-abbf-5b700453e1ee,1b83f533-8348-4851-a985-1b3ffab03256,50,1674616944461892236,1674616944621932236,160,721.514,751.468,13.668357589007094,-17.60549528058199
6044b25c-8189-40b1-abbf-5b700453e1ee,1b83f533-8348-4851-a985-1b3ffab03256,51,1674616944709916236,1674616947070011236,2360,539.765,477.141,-0.45775148104312985,2.9062572695614297
6044b25c-8189-40b1-abbf-5b700453e1ee,1b83f533-8348-4851-a985-1b3ffab03256,52,1674616947109963236,1674616947413935236,303,459.549,441.509,-6.526069637108388,5.585286681553081
6044b25c-8189-40b1-abbf-5b700453e1ee,1b83f533-8348-4851-a985-1b3ffab03256,53,1674616947453931236,1674616955177905236,7723,533.695,471.056,-0.9160214771239368,3.365458457676347
6044b25c-8189-40b1-abbf-5b700453e1ee,1b83f533-8348-4851-a985-1b3ffab03256,54,1674616955369996236,1674616957333960236,1963,531.25,474.229,-1.1003081375480024,3.1259190614085894
6044b25c-8189-40b1-abbf-5b700453e1ee,1b83f533-8348-4851-a985-1b3ffab03256,55,1674616957461917236,1674616957682003236,220,735.963,726.196,14.693661797270787,-15.694958908701421
6044b25c-8189-40b1-abbf-5b700453e1ee,1b83f533-8348-4851-a985-1b3ffab03256,56,1674616957781934236,1674616960762041236,2980,540.341,472.533,-0.4144094737575925,3.2540564419741367
6044b25c-8189-40b1-abbf-5b700453e1ee,1b83f533-8348-4851-a985-1b3ffab03256,57,1674616960961930236,1674616970229945236,9268,531.359,470.909,-1.092322487009196,3.376493420138278
6044b25c-8189-40b1-abbf-5b700453e1ee,1b83f533-8348-4851-a985-1b3ffab03256,58,1674616970393956236,1674616975042009236,4648,535.118,479.906,-0.8082057533140095,2.6975193657596117
6044b25c-8189-40b1-abbf-5b700453e1ee,1b83f533-8348-4851-a985-1b3ffab03256,59,1674616975081930236,1674616984585940236,9504,524.652,474.801,-1.5981534818994672,3.08259693236174
6044b25c-8189-40b1-abbf-5b700453e1ee,1b83f533-8348-4851-a985-1b3ffab03256,60,1674616984637970236,1674616984713939236,75,462.499,495.366,-6.2831937941309395,1.528662932910448
6044b25c-8189-40b1-abbf-5b700453e1ee,1b83f533-8348-4851-a985-1b3ffab03256,61,1674616984857945236,1674616985277937236,419,460.321,501.373,-6.446520567366312,1.0762103071266345
6044b25c-8189-40b1-abbf-5b700453e1ee,1b83f533-8348-4851-a985-1b3ffab03256,62,1674616985321907236,1674616985381973236,60,478.81,586.91,-5.065385996330495,-5.366670653305152
6044b25c-8189-40b1-abbf-5b700453e1ee,1b83f533-8348-4851-a985-1b3ffab03256,63,1674616985557926236,1674616987913936236,2356,546.95,543.668,0.08431392907194336,-2.113395368617049
6044b25c-8189-40b1-abbf-5b700453e1ee,1b83f533-8348-4851-a985-1b3ffab03256,64,1674616988017897236,1674616988286163236,268,751.565,767.095,16.080070390147995,-18.70764994550743
6044b25c-8189-40b1-abbf-5b700453e1ee,1b83f533-8348-4851-a985-1b3ffab03256,65,1674616988377984236,1674616994529970236,6151,542.084,500.597,-0.28255304523814995,1.1360311636327431
6044b25c-8189-40b1-abbf-5b700453e1ee,1b83f533-8348-4851-a985-1b3ffab03256,66,1674616994629962236,1674616994881955236,251,716.816,744.922,13.278646053205556,-17.125336910060287
6044b25c-8189-40b1-abbf-5b700453e1ee,1b83f533-8348-4851-a985-1b3ffab03256,67,1674616994969928236,1674617017493946236,22524,544.189,489.024,-0.12387776775412467,2.009428746719679
6044b25c-8189-40b1-abbf-5b700453e1ee,1b83f533-8348-4851-a985-1b3ffab03256,68,1674617017589917236,1674617017917957236,328,765.512,733.907,17.010915425706536,-16.211004030391305
6044b25c-8189-40b1-abbf-5b700453e1ee,1b83f533-8348-4851-a985-1b3ffab03256,69,1674617018010006236,1674617027113924236,9103,568.226,508.683,1.6879321699711578,0.5258937077528538
6044b25c-8189-40b1-abbf-5b700453e1ee,1b83f533-8348-4851-a985-1b3ffab03256,70,1674617027222019236,1674617027485958236,263,740.93,788.453,15.353115438385407,-20.32195843362412
6044b25c-8189-40b1-abbf-5b700453e1ee,1b83f533-8348-4851-a985-1b3ffab03256,71,1674617027693946236,1674617027817942236,123,546.937,530.465,0.08332777325020277,-1.1174324306657597
6044b25c-8189-40b1-abbf-5b700453e1ee,1b83f533-8348-4851-a985-1b3ffab03256,72,1674617027853939236,1674617027997953236,144,501.266,506.373,-3.359353600471161,0.7000865427150333
6044b25c-8189-40b1-abbf-5b700453e1ee,1b83f533-8348-4851-a985-1b3ffab03256,73,1674617028017889236,1674617029009916236,992,470.704,486.026,-5.666231382090172,2.2328058721899087
6044b25c-8189-40b1-abbf-5b700453e1ee,1b83f533-8348-4851-a985-1b3ffab03256,74,1674617029029894236,1674617029697941236,668,441.171,516.74,-7.888902574103023,-0.08033558863425873
6044b25c-8189-40b1-abbf-5b700453e1ee,1b83f533-8348-4851-a985-1b3ffab03256,75,1674617029745957236,1674617031053924236,1307,549.604,477.829,0.2845457953837155,2.854304822071286
6044b25c-8189-40b1-abbf-5b700453e1ee,1b83f533-8348-4851-a985-1b3ffab03256,76,1674617031089934236,1674617032949919236,1859,542.066,485.734,-0.2840427076795979,2.2576562385209713
6044b25c-8189-40b1-abbf-5b700453e1ee,1b83f533-8348-4851-a985-1b3ffab03256,77,1674617032977954236,1674617033661900236,683,473.586,471.112,-5.45263339767088,3.356996519977638
6044b25c-8189-40b1-abbf-5b700453e1ee,1b83f533-8348-4851-a985-1b3ffab03256,78,1674617033701970236,1674617037817977236,4116,549.919,496.957,0.3081497963860992,1.410750065269641
6044b25c-8189-40b1-abbf-5b700453e1ee,1b83f533-8348-4851-a985-1b3ffab03256,79,1674617037913913236,1674617038158143236,244,743.268,727.034,15.261432975418444,-15.744109195934154
6044b25c-8189-40b1-abbf-5b700453e1ee,1b83f533-8348-4851-a985-1b3ffab03256,80,1674617038241944236,1674617039097941236,855,547.929,495.451,0.1580974424348346,1.5243549952480233
6044b25c-8189-40b1-abbf-5b700453e1ee,1b83f533-8348-4851-a985-1b3ffab03256,81,1674617039237949236,1674617040561929236,1323,527.999,470.301,-1.3459206662248524,3.4222904375231704
6044b25c-8189-40b1-abbf-5b700453e1ee,1b83f533-8348-4851-a985-1b3ffab03256,82,1674617040597915236,1674617043013901236,2415,537.508,473.546,-0.6281159813370188,3.1775956553695637
6044b25c-8189-40b1-abbf-5b700453e1ee,1b83f533-8348-4851-a985-1b3ffab03256,83,1674617043033913236,1674617043237912236,203,484.705,458.286,-4.617156886980272,4.325458907813244
6044b25c-8189-40b1-abbf-5b700453e1ee,1b83f533-8348-4851-a985-1b3ffab03256,84,1674617043277945236,1674617045502537236,2224,554.517,493.493,0.6548647816788751,1.6721242992793048
6044b25c-8189-40b1-abbf-5b700453e1ee,1b83f533-8348-4851-a985-1b3ffab03256,85,1674617045533950236,1674617045697916236,163,553.185,523.791,0.554273616749861,-0.6139447677978437
6044b25c-8189-40b1-abbf-5b700453e1ee,1b83f533-8348-4851-a985-1b3ffab03256,86,1674617045849914236,1674617046653967236,804,548.323,470.503,0.18796184318214929,3.407297326671772
6044b25c-8189-40b1-abbf-5b700453e1ee,1b83f533-8348-4851-a985-1b3ffab03256,87,1674617046673927236,1674617052582067236,5908,548.468,491.185,0.19875694727993606,1.8462867547534076
6044b25c-8189-40b1-abbf-5b700453e1ee,1b83f533-8348-4851-a985-1b3ffab03256,88,1674617052621936236,1674617053762462236,1140,469.753,475.764,-5.740539572101567,3.0060052481451542
6044b25c-8189-40b1-abbf-5b700453e1ee,1b83f533-8348-4851-a985-1b3ffab03256,89,1674617053797943236,1674617054269932236,471,544.887,457.081,-0.07139268088206878,4.420485579901275
6044b25c-8189-40b1-abbf-5b700453e1ee,1b83f533-8348-4851-a985-1b3ffab03256,90,1674617054289916236,1674617057809921236,3520,555.659,492.659,0.7409550856349105,1.7349934596463372
6044b25c-8189-40b1-abbf-5b700453e1ee,1b83f533-8348-4851-a985-1b3ffab03256,91,1674617057881985236,1674617058029915236,147,671.829,642.97,9.580176005147052,-9.551962664904435
6044b25c-8189-40b1-abbf-5b700453e1ee,1b83f533-8348-4851-a985-1b3ffab03256,92,1674617058085930236,1674617058329952236,244,730.695,736.164,14.32291204797092,-16.44726122927375
6044b25c-8189-40b1-abbf-5b700453e1ee,1b83f533-8348-4851-a985-1b3ffab03256,93,1674617058417918236,1674617064793910236,6375,552.051,481.763,0.4691038715134307,2.5574012115975666
6044b25c-8189-40b1-abbf-5b700453e1ee,1b83f533-8348-4851-a985-1b3ffab03256,94,1674617064817909236,1674617065013940236,196,557.085,510.257,0.84822231670628,0.4071320463916677
6044b25c-8189-40b1-abbf-5b700453e1ee,1b83f533-8348-4851-a985-1b3ffab03256,95,1674617065049914236,1674617065269907236,219,553.747,515.552,0.5965599103942957,0.007624807191490494
6044b25c-8189-40b1-abbf-5b700453e1ee,1b83f533-8348-4851-a985-1b3ffab03256,96,1674617065413920236,1674617067221899236,1807,485.261,461.233,-4.5741964457007045,4.103251608746886
6044b25c-8189-40b1-abbf-5b700453e1ee,1b83f533-8348-4851-a985-1b3ffab03256,97,1674617067249928236,1674617067829958236,580,540.139,446.637,-0.4304372491755149,5.208980352487511
6044b25c-8189-40b1-abbf-5b700453e1ee,1b83f533-8348-4851-a985-1b3ffab03256,98,1674617067849946236,1674617068161908236,311,554.855,483.303,0.680547570239024,2.441076946315555
6044b25c-8189-40b1-abbf-5b700453e1ee,1b83f533-8348-4851-a985-1b3ffab03256,99,1674617068265948236,1674617068793932236,527,716.949,742.547,13.280454115386073,-16.947854322978028
6044b25c-8189-40b1-abbf-5b700453e1ee,1b83f533-8348-4851-a985-1b3ffab03256,100,1674617068882179236,1674617069069982236,187,579.634,502.199,2.5480779574898027,1.014978690054164
6044b25c-8189-40b1-abbf-5b700453e1ee,1b83f533-8348-4851-a985-1b3ffab03256,101,1674617069101924236,1674617069649924236,548,517.433,462.861,-2.144384451540957,3.98338041557471
6044b25c-8189-40b1-abbf-5b700453e1ee,1b83f533-8348-4851-a985-1b3ffab03256,102,1674617069677950236,1674617070382043236,704,541.255,483.992,-0.3452381511093015,2.389124543788124
6044b25c-8189-40b1-abbf-5b700453e1ee,1b83f533-8348-4851-a985-1b3ffab03256,103,1674617070409884236,1674617071309932236,900,472.757,461.205,-5.518528852858149,4.103593826049459
6044b25c-8189-40b1-abbf-5b700453e1ee,1b83f533-8348-4851-a985-1b3ffab03256,104,1674617071369938236,1674617072285929236,915,503.175,458.046,-3.2220656505301344,4.3456376712530975
6044b25c-8189-40b1-abbf-5b700453e1ee,1b83f533-8348-4851-a985-1b3ffab03256,105,1674617072317921236,1674617072781918236,463,560.397,452.846,1.1004396555465688,4.739870017466734
6044b25c-8189-40b1-abbf-5b700453e1ee,1b83f533-8348-4851-a985-1b3ffab03256,106,1674617072809910236,1674617075589955236,2780,548.604,487.016,0.20906143925642184,2.1609612348531004
6044b25c-8189-40b1-abbf-5b700453e1ee,1b83f533-8348-4851-a985-1b3ffab03256,107,1674617075674007236,1674617075917915236,243,719.083,725.331,13.386195277166626,-15.65921938580306
6044b25c-8189-40b1-abbf-5b700453e1ee,1b83f533-8348-4851-a985-1b3ffab03256,108,1674617076013907236,1674617076265909236,252,564.207,505.895,1.3851283674995827,0.7362260314470912
6044b25c-8189-40b1-abbf-5b700453e1ee,1b83f533-8348-4851-a985-1b3ffab03256,109,1674617076294040236,1674617077773936236,1479,514.471,450.117,-2.3702460679633757,4.945033850053632
6044b25c-8189-40b1-abbf-5b700453e1ee,1b83f533-8348-4851-a985-1b3ffab03256,110,1674617077793924236,1674617082209956236,4416,544.834,488.301,-0.07527909548003965,2.063965981957369
6044b25c-8189-40b1-abbf-5b700453e1ee,1b83f533-8348-4851-a985-1b3ffab03256,111,1674617082249934236,1674617082601984236,352,465.515,461.9,-6.065163380213341,4.050111328539425
6044b25c-8189-40b1-abbf-5b700453e1ee,1b83f533-8348-4851-a985-1b3ffab03256,112,1674617082729938236,1674617083029909236,299,726.941,716.152,13.962403206455448,-14.961679795935675
6044b25c-8189-40b1-abbf-5b700453e1ee,1b83f533-8348-4851-a985-1b3ffab03256,113,1674617083137921236,1674617083645934236,508,529.293,495.799,-1.246960725824703,1.4980756959604946
6044b25c-8189-40b1-abbf-5b700453e1ee,1b83f533-8348-4851-a985-1b3ffab03256,114,1674617083674051236,1674617083873916236,199,532.81,509.391,-0.9815179369078456,0.4725121214219804
6044b25c-8189-40b1-abbf-5b700453e1ee,1b83f533-8348-4851-a985-1b3ffab03256,115,1674617083897977236,1674617084629924236,731,526.926,507.179,-1.4251104211494487,0.6394031649212552
6044b25c-8189-40b1-abbf-5b700453e1ee,1b83f533-8348-4851-a985-1b3ffab03256,116,1674617084689911236,1674617085661934236,972,537.456,493.115,-0.6315050041281141,1.700656829300125
6044b25c-8189-40b1-abbf-5b700453e1ee,1b83f533-8348-4851-a985-1b3ffab03256,117,1674617085701945236,1674617086430194236,728,487.715,462.482,-4.388536726749017,4.009382829559337
6044b25c-8189-40b1-abbf-5b700453e1ee,1b83f533-8348-4851-a985-1b3ffab03256,118,1674617086509908236,1674617087185890236,675,531.772,467.723,-1.0613748737424133,3.616967824956888
6044b25c-8189-40b1-abbf-5b700453e1ee,1b83f533-8348-4851-a985-1b3ffab03256,119,1674617087333942236,1674617088893938236,1559,536.316,481.725,-0.7178010625274028,2.56023431027245
6044b25c-8189-40b1-abbf-5b700453e1ee,1b83f533-8348-4851-a985-1b3ffab03256,120,1674617088913949236,1674617089025877236,111,539.408,531.647,-0.4841864817098361,-1.2066307385694484
6044b25c-8189-40b1-abbf-5b700453e1ee,1b83f533-8348-4851-a985-1b3ffab03256,121,1674617089169977236,1674617090241946236,1071,539.765,569.971,-0.45797492321183514,-4.09695235522485
6044b25c-8189-40b1-abbf-5b700453e1ee,1b83f533-8348-4851-a985-1b3ffab03256,122,1674617090369941236,1674617090637889236,267,687.808,910.151,11.773438561056665,-29.56186366835202
6044b25c-8189-40b1-abbf-5b700453e1ee,1b83f533-8348-4851-a985-1b3ffab03256,123,1674617090821972236,1674617091153948236,331,518.529,618.682,-2.069962779047278,-7.767232268756842
6044b25c-8189-40b1-abbf-5b700453e1ee,1b83f533-8348-4851-a985-1b3ffab03256,124,1674617091177903236,1674617093893968236,2716,544.817,568.954,-0.07666271642816277,-4.020357145887658
6044b25c-8189-40b1-abbf-5b700453e1ee,1b83f533-8348-4851-a985-1b3ffab03256,125,1674617093941940236,1674617094009962236,68,529.732,638.77,-1.223910938088004,-9.281934218606555
6044b25c-8189-40b1-abbf-5b700453e1ee,1b83f533-8348-4851-a985-1b3ffab03256,126,1674617094161889236,1674617096574070236,2412,539.618,569.974,-0.4690909824540781,-4.09719100846558
6044b25c-8189-40b1-abbf-5b700453e1ee,1b83f533-8348-4851-a985-1b3ffab03256,127,1674617096609958236,1674617096729963236,120,545.906,615.614,0.005416510639240663,-7.537744374082389
6044b25c-8189-40b1-abbf-5b700453e1ee,1b83f533-8348-4851-a985-1b3ffab03256,128,1674617096857945236,1674617098681852236,1823,537.953,572.933,-0.5948772006063349,-4.320266672600786
6044b25c-8189-40b1-abbf-5b700453e1ee,1b83f533-8348-4851-a985-1b3ffab03256,129,1674617098757964236,1674617104637934236,5879,531.886,557.314,-1.0520669636738453,-3.1423445987002108
6044b25c-8189-40b1-abbf-5b700453e1ee,1b83f533-8348-4851-a985-1b3ffab03256,130,1674617104685917236,1674617105629928236,944,539.81,548.913,-0.4541374121756453,-2.5089395708042503
6044b25c-8189-40b1-abbf-5b700453e1ee,1b83f533-8348-4851-a985-1b3ffab03256,131,1674617105821911236,1674617110401935236,4580,539.378,553.499,-0.48679999942116525,-2.8548010014855123
6044b25c-8189-40b1-abbf-5b700453e1ee,1b83f533-8348-4851-a985-1b3ffab03256,132,1674617110521981236,1674617110821943236,299,724.559,852.489,14.413858117816226,-25.14060018622231
6044b25c-8189-40b1-abbf-5b700453e1ee,1b83f533-8348-4851-a985-1b3ffab03256,133,1674617111001932236,1674617111118101236,116,483.708,563.732,-4.688026629282089,-3.6220775919201675
6044b25c-8189-40b1-abbf-5b700453e1ee,1b83f533-8348-4851-a985-1b3ffab03256,134,1674617111149976236,1674617111637961236,487,433.641,550.318,-8.461333736116812,-2.6038255345725307
6044b25c-8189-40b1-abbf-5b700453e1ee,1b83f533-8348-4851-a985-1b3ffab03256,135,1674617111677917236,1674617113997933236,2320,525.792,578.917,-1.5136878374310088,-4.770972228395094
6044b25c-8189-40b1-abbf-5b700453e1ee,1b83f533-8348-4851-a985-1b3ffab03256,136,1674617114025924236,1674617114749932236,724,468.878,546.772,-5.803009902221545,-2.342750852645392
6044b25c-8189-40b1-abbf-5b700453e1ee,1b83f533-8348-4851-a985-1b3ffab03256,137,1674617114877977236,1674617115033922236,155,734.276,804.53,14.91223067817721,-21.535889534527417
6044b25c-8189-40b1-abbf-5b700453e1ee,1b83f533-8348-4851-a985-1b3ffab03256,138,1674617115129936236,1674617120193941236,5064,542.422,560.427,-0.2573175830737604,-3.377324048671886
6044b25c-8189-40b1-abbf-5b700453e1ee,1b83f533-8348-4851-a985-1b3ffab03256,139,1674617120221934236,1674617120729915236,507,468.732,536.281,-5.812445127448127,-1.5527700679836989
6044b25c-8189-40b1-abbf-5b700453e1ee,1b83f533-8348-4851-a985-1b3ffab03256,140,1674617120781971236,1674617124301948236,3519,543.195,549.094,-0.19888818631609706,-2.5226446309282915
6044b25c-8189-40b1-abbf-5b700453e1ee,1b83f533-8348-4851-a985-1b3ffab03256,141,1674617124341912236,1674617124789931236,448,457.206,528.085,-6.680501126230377,-0.9347491744077568
6044b25c-8189-40b1-abbf-5b700453e1ee,1b83f533-8348-4851-a985-1b3ffab03256,142,1674617124962014236,1674617125049937236,87,538.612,588.723,-0.5457950326592003,-5.510760233009055
6044b25c-8189-40b1-abbf-5b700453e1ee,1b83f533-8348-4851-a985-1b3ffab03256,143,1674617125217918236,1674617127453914236,2235,541.737,550.689,-0.3087952315069772,-2.6429429046128723
6044b25c-8189-40b1-abbf-5b700453e1ee,1b83f533-8348-4851-a985-1b3ffab03256,144,1674617127497947236,1674617128029958236,532,455.395,527.23,-6.8169609647397875,-0.870295511840004
6044b25c-8189-40b1-abbf-5b700453e1ee,1b83f533-8348-4851-a985-1b3ffab03256,145,1674617128061935236,1674617128129926236,67,489.913,573.658,-4.222217875212778,-4.370748783935893
6044b25c-8189-40b1-abbf-5b700453e1ee,1b83f533-8348-4851-a985-1b3ffab03256,146,1674617128261959236,1674617128329938236,67,518.529,652.426,-2.079710419843379,-10.309235248079828
6044b25c-8189-40b1-abbf-5b700453e1ee,1b83f533-8348-4851-a985-1b3ffab03256,147,1674617128361906236,1674617132722277236,4360,535.231,551.335,-0.7995415873845387,-2.691552134309178
6044b25c-8189-40b1-abbf-5b700453e1ee,1b83f533-8348-4851-a985-1b3ffab03256,148,1674617132761918236,1674617134289937236,1528,451.759,523.551,-7.090856147380713,-0.5931838773695501
6044b25c-8189-40b1-abbf-5b700453e1ee,1b83f533-8348-4851-a985-1b3ffab03256,149,1674617134329912236,1674617142141934236,7812,533.568,541.172,-0.9246261480959289,-1.9249876306287101
6044b25c-8189-40b1-abbf-5b700453e1ee,1b83f533-8348-4851-a985-1b3ffab03256,150,1674617142205944236,1674617142765953236,560,458.528,530.572,-6.58103661347532,-1.122049966960648
6044b25c-8189-40b1-abbf-5b700453e1ee,1b83f533-8348-4851-a985-1b3ffab03256,151,1674617142809960236,1674617156601994236,13792,533.764,540.072,-0.9097974597036395,-1.842043881516441
6044b25c-8189-40b1-abbf-5b700453e1ee,1b83f533-8348-4851-a985-1b3ffab03256,152,1674617156801911236,1674617156901956236,100,544.07,565.833,-0.13301258195427657,-3.78499971805036
6044b25c-8189-40b1-abbf-5b700453e1ee,1b83f533-8348-4851-a985-1b3ffab03256,153,1674617157109935236,1674617157813950236,704,462.859,530.268,-6.254538974124128,-1.09948894897815
6044b25c-8189-40b1-abbf-5b700453e1ee,1b83f533-8348-4851-a985-1b3ffab03256,154,1674617157985950236,1674617163609925236,5623,532.204,541.796,-1.027448527075171,-1.9720952028775387
6044b25c-8189-40b1-abbf-5b700453e1ee,1b83f533-8348-4851-a985-1b3ffab03256,155,1674617163653977236,1674617164102718236,448,451.806,526.09,-7.087455647253684,-0.7842792547850002
6044b25c-8189-40b1-abbf-5b700453e1ee,1b83f533-8348-4851-a985-1b3ffab03256,156,1674617164125952236,1674617164322311236,196,504.177,552.413,-3.141784312683996,-2.7713487461485027
6044b25c-8189-40b1-abbf-5b700453e1ee,1b83f533-8348-4851-a985-1b3ffab03256,157,1674617164353973236,1674617168229919236,3875,523.899,544.53,-1.6537664729059556,-2.1780435107898573
6044b25c-8189-40b1-abbf-5b700453e1ee,1b83f533-8348-4851-a985-1b3ffab03256,158,1674617168257959236,1674617168413921236,155,523.728,580.16,-1.6697483249120255,-4.8645210766404565
6044b25c-8189-40b1-abbf-5b700453e1ee,1b83f533-8348-4851-a985-1b3ffab03256,159,1674617168609939236,1674617174281929236,5671,529.56,540.347,-1.2267722574024906,-1.8627448842447434
6044b25c-8189-40b1-abbf-5b700453e1ee,1b83f533-8348-4851-a985-1b3ffab03256,160,1674617174469978236,1674617174969903236,499,501.605,533.597,-3.3339640050303236,-1.3527417600003513
6044b25c-8189-40b1-abbf-5b700453e1ee,1b83f533-8348-4851-a985-1b3ffab03256,161,1674617174989922236,1674617175837995236,848,450.998,507.496,-7.1486567725832115,0.6150886435722674
6044b25c-8189-40b1-abbf-5b700453e1ee,1b83f533-8348-4851-a985-1b3ffab03256,162,1674617175877952236,1674617176729916236,851,534.544,502.985,-0.8508907241552476,0.9558320261521607
6044b25c-8189-40b1-abbf-5b700453e1ee,1b83f533-8348-4851-a985-1b3ffab03256,163,1674617176757918236,1674617178149926236,1392,534.237,548.16,-0.8743404287652409,-2.4520903363507003
6044b25c-8189-40b1-abbf-5b700453e1ee,1b83f533-8348-4851-a985-1b3ffab03256,164,1674617178169909236,1674617179325929236,1156,464.238,510.296,-6.150405622378444,0.4042831573025399
6044b25c-8189-40b1-abbf-5b700453e1ee,1b83f533-8348-4851-a985-1b3ffab03256,165,1674617179361935236,1674617183629972236,4268,534.856,535.897,-0.8274144967780139,-1.5271330292558802
6044b25c-8189-40b1-abbf-5b700453e1ee,1b83f533-8348-4851-a985-1b3ffab03256,166,1674617183653917236,1674617183861935236,208,455.208,538.47,-6.832354181070355,-1.7161889698180646
6044b25c-8189-40b1-abbf-5b700453e1ee,1b83f533-8348-4851-a985-1b3ffab03256,167,1674617184053916236,1674617184638014236,584,527.078,527.587,-1.4135763470680618,-0.9001985424219368
6044b25c-8189-40b1-abbf-5b700453e1ee,1b83f533-8348-4851-a985-1b3ffab03256,168,1674617184809917236,1674617185101895236,291,712.102,851.106,13.401309709411136,-25.06949045703006
6044b25c-8189-40b1-abbf-5b700453e1ee,1b83f533-8348-4851-a985-1b3ffab03256,169,1674617185193958236,1674617187873944236,2679,525.045,540.368,-1.5672192687280675,-1.864178012484293
6044b25c-8189-40b1-abbf-5b700453e1ee,1b83f533-8348-4851-a985-1b3ffab03256,170,1674617188041921236,1674617188573957236,532,523.492,533.059,-1.683980347127872,-1.3129077291089186
6044b25c-8189-40b1-abbf-5b700453e1ee,1b83f533-8348-4851-a985-1b3ffab03256,171,1674617188633977236,1674617188789915236,155,524.767,567.583,-1.5899184456591915,-3.9164295952390273
6044b25c-8189-40b1-abbf-5b700453e1ee,1b83f533-8348-4851-a985-1b3ffab03256,172,1674617188969929236,1674617189929931236,960,533.637,543.029,-0.9194782639073169,-2.0650473597088204
6044b25c-8189-40b1-abbf-5b700453e1ee,1b83f533-8348-4851-a985-1b3ffab03256,173,1674617189969952236,1674617190866176236,896,455.842,512.841,-6.783087645353721,0.21274891444299446
6044b25c-8189-40b1-abbf-5b700453e1ee,1b83f533-8348-4851-a985-1b3ffab03256,174,1674617190897877236,1674617191649947236,752,529.612,491.728,-1.2230488028421944,1.805228734003957
6044b25c-8189-40b1-abbf-5b700453e1ee,1b83f533-8348-4851-a985-1b3ffab03256,175,1674617191669929236,1674617191773938236,104,538.739,528.073,-0.534589404831504,-0.9370327524434764
6044b25c-8189-40b1-abbf-5b700453e1ee,1b83f533-8348-4851-a985-1b3ffab03256,176,1674617191909948236,1674617192233956236,324,522.786,502.77,-1.737303032497359,0.9719710343198114
6044b25c-8189-40b1-abbf-5b700453e1ee,1b83f533-8348-4851-a985-1b3ffab03256,177,1674617192265934236,1674617192769971236,504,469.449,500.858,-5.758391834558615,1.1152913748295015
6044b25c-8189-40b1-abbf-5b700453e1ee,1b83f533-8348-4851-a985-1b3ffab03256,178,1674617192793994236,1674617192969939236,175,479.586,534.086,-4.993918089567312,-1.3882910246120106
6044b25c-8189-40b1-abbf-5b700453e1ee,1b83f533-8348-4851-a985-1b3ffab03256,179,1674617193042021236,1674617193569929236,527,522.496,540.02,-1.7593406002758847,-1.837845472357308
6044b25c-8189-40b1-abbf-5b700453e1ee,1b83f533-8348-4851-a985-1b3ffab03256,180,1674617193601917236,1674617194337909236,735,456.089,510.236,-6.764621985083548,0.4088546559915
6044b25c-8189-40b1-abbf-5b700453e1ee,1b83f533-8348-4851-a985-1b3ffab03256,181,1674617194358003236,1674617197469928236,3111,515.806,504.884,-2.263386854873435,0.8124845853465618
6044b25c-8189-40b1-abbf-5b700453e1ee,1b83f533-8348-4851-a985-1b3ffab03256,182,1674617197569955236,1674617197917946236,347,715.714,758.441,13.243693618501757,-18.13664913935483
6044b25c-8189-40b1-abbf-5b700453e1ee,1b83f533-8348-4851-a985-1b3ffab03256,183,1674617197941916236,1674617198101921236,160,726.145,800.047,14.246074387799233,-21.220660837162516
6044b25c-8189-40b1-abbf-5b700453e1ee,1b83f533-8348-4851-a985-1b3ffab03256,184,1674617198193915236,1674617198501958236,308,513.408,526.977,-2.4439519031157286,-0.8539068872933188
6044b25c-8189-40b1-abbf-5b700453e1ee,1b83f533-8348-4851-a985-1b3ffab03256,185,1674617198533962236,1674617199965928236,1431,456.69,500.454,-6.720340367655071,1.1453051736082134
6044b25c-8189-40b1-abbf-5b700453e1ee,1b83f533-8348-4851-a985-1b3ffab03256,186,1674617200009972236,1674617201121883236,1111,525.664,492.61,-1.520670493411913,1.7386644579244603
6044b25c-8189-40b1-abbf-5b700453e1ee,1b83f533-8348-4851-a985-1b3ffab03256,187,1674617201141941236,1674617201741912236,599,525.482,530.132,-1.533938841599608,-1.0921855471614672
6044b25c-8189-40b1-abbf-5b700453e1ee,1b83f533-8348-4851-a985-1b3ffab03256,188,1674617201781925236,1674617202321985236,540,525.507,546.216,-1.5326482733442164,-2.305234442037821
6044b25c-8189-40b1-abbf-5b700453e1ee,1b83f533-8348-4851-a985-1b3ffab03256,189,1674617202461948236,1674617202677951236,216,714.094,846.106,13.532866647183905,-24.69045877564979
6044b25c-8189-40b1-abbf-5b700453e1ee,1b83f533-8348-4851-a985-1b3ffab03256,190,1674617202769877236,1674617202897998236,128,512.633,556.164,-2.5043547294410056,-3.054762611910084
6044b25c-8189-40b1-abbf-5b700453e1ee,1b83f533-8348-4851-a985-1b3ffab03256,191,1674617203041943236,1674617204381915236,1339,457.525,492.005,-6.658854719202396,1.7815229157688568
6044b25c-8189-40b1-abbf-5b700453e1ee,1b83f533-8348-4851-a985-1b3ffab03256,192,1674617204409911236,1674617205697915236,1288,523.566,486.462,-1.679262438083844,2.2024919443070083
6044b25c-8189-40b1-abbf-5b700453e1ee,1b83f533-8348-4851-a985-1b3ffab03256,193,1674617205717930236,1674617206173928236,455,526.707,520.652,-1.4414591640392629,-0.3770998769355717
6044b25c-8189-40b1-abbf-5b700453e1ee,1b83f533-8348-4851-a985-1b3ffab03256,194,1674617206281929236,1674617206477961236,196,701.078,770.215,12.145558014139054,-19.04288065557158
6044b25c-8189-40b1-abbf-5b700453e1ee,1b83f533-8348-4851-a985-1b3ffab03256,195,1674617206569935236,1674617206753951236,184,510.379,530.648,-2.6724205214013956,-1.1307217203293851
6044b25c-8189-40b1-abbf-5b700453e1ee,1b83f533-8348-4851-a985-1b3ffab03256,196,1674617206782084236,1674617207677955236,895,454.689,498.112,-6.871565849370522,1.3215180850349835
6044b25c-8189-40b1-abbf-5b700453e1ee,1b83f533-8348-4851-a985-1b3ffab03256,197,1674617207833908236,1674617209049944236,1216,452.352,502.8,-7.047079211690859,0.9685467348567315
6044b25c-8189-40b1-abbf-5b700453e1ee,1b83f533-8348-4851-a985-1b3ffab03256,198,1674617209089951236,1674617211829978236,2740,524.796,521.462,-1.585497971115844,-0.4381302939260713
6044b25c-8189-40b1-abbf-5b700453e1ee,1b83f533-8348-4851-a985-1b3ffab03256,199,1674617211882526236,1674617211949922236,67,543.573,564.318,-0.17046828283215607,-3.67074976030816
6044b25c-8189-40b1-abbf-5b700453e1ee,1b83f533-8348-4851-a985-1b3ffab03256,200,1674617211981938236,1674617213169930236,1187,528.673,485.972,-1.2941023959477684,2.239589462675281
6044b25c-8189-40b1-abbf-5b700453e1ee,1b83f533-8348-4851-a985-1b3ffab03256,201,1674617213197906236,1674617215893914236,2696,530.602,530.933,-1.1480430757761957,-1.1526805604739658
6044b25c-8189-40b1-abbf-5b700453e1ee,1b83f533-8348-4851-a985-1b3ffab03256,202,1674617216042682236,1674617216249931236,207,712.102,822.994,13.248283607016159,-22.966750121412606
6044b25c-8189-40b1-abbf-5b700453e1ee,1b83f533-8348-4851-a985-1b3ffab03256,203,1674617216333943236,1674617216717910236,383,510.793,532.116,-2.641287260341035,-1.2414195731429885
6044b25c-8189-40b1-abbf-5b700453e1ee,1b83f533-8348-4851-a985-1b3ffab03256,204,1674617216749932236,1674617217217917236,467,455.191,501.964,-6.833177735054621,1.031525571411952
6044b25c-8189-40b1-abbf-5b700453e1ee,1b83f533-8348-4851-a985-1b3ffab03256,205,1674617217257918236,1674617217393997236,136,514.796,550.109,-2.3406040806833732,-2.598398814088051
6044b25c-8189-40b1-abbf-5b700453e1ee,1b83f533-8348-4851-a985-1b3ffab03256,206,1674617217545960236,1674617218361942236,815,534.804,522.316,-0.831158584370663,-0.5026767921265991
6044b25c-8189-40b1-abbf-5b700453e1ee,1b83f533-8348-4851-a985-1b3ffab03256,207,1674617218393917236,1674617218597902236,203,529.587,542.807,-1.2248632316409733,-2.048301507079483
6044b25c-8189-40b1-abbf-5b700453e1ee,1b83f533-8348-4851-a985-1b3ffab03256,208,1674617218718222236,1674617220641959236,1923,528.617,509.084,-1.2975632609508128,0.4956129246106648
6044b25c-8189-40b1-abbf-5b700453e1ee,1b83f533-8348-4851-a985-1b3ffab03256,209,1674617220809939236,1674617222341926236,1531,524.423,484.663,-1.6147070852247951,2.338279996278382
6044b25c-8189-40b1-abbf-5b700453e1ee,1b83f533-8348-4851-a985-1b3ffab03256,210,1674617222361899236,1674617229433943236,7072,530.424,519.724,-1.1613276965492962,-0.3070759091393097
6044b25c-8189-40b1-abbf-5b700453e1ee,1b83f533-8348-4851-a985-1b3ffab03256,211,1674617229482687236,1674617229573922236,91,522.367,596.56,-1.7748995053736245,-6.100627756212981
6044b25c-8189-40b1-abbf-5b700453e1ee,1b83f533-8348-4851-a985-1b3ffab03256,212,1674617229609905236,1674617229673934236,64,525.855,525.804,-1.505747352746857,-0.7657232986613612
6044b25c-8189-40b1-abbf-5b700453e1ee,1b83f533-8348-4851-a985-1b3ffab03256,213,1674617229829942236,1674617236321926236,6491,534.669,524.466,-0.84138393417033,-0.6648965508457795
6044b25c-8189-40b1-abbf-5b700453e1ee,1b83f533-8348-4851-a985-1b3ffab03256,214,1674617236454008236,1674617236698031236,244,713.201,812.898,13.284963250813576,-22.20951512007965
6044b25c-8189-40b1-abbf-5b700453e1ee,1b83f533-8348-4851-a985-1b3ffab03256,215,1674617236785919236,1674617237433960236,648,526.336,538.201,-1.4697486532528345,-1.7007691474034643
6044b25c-8189-40b1-abbf-5b700453e1ee,1b83f533-8348-4851-a985-1b3ffab03256,216,1674617237462568236,1674617237693910236,231,515.308,551.649,-2.3021508609720045,-2.7145073601858396
6044b25c-8189-40b1-abbf-5b700453e1ee,1b83f533-8348-4851-a985-1b3ffab03256,217,1674617237741976236,1674617237945947236,203,512.754,547.643,-2.494417798367132,-2.4123494169845006
6044b25c-8189-40b1-abbf-5b700453e1ee,1b83f533-8348-4851-a985-1b3ffab03256,218,1674617238105938236,1674617239797935236,1691,524.644,506.936,-1.597137326899285,0.6576659063519563
6044b25c-8189-40b1-abbf-5b700453e1ee,1b83f533-8348-4851-a985-1b3ffab03256,219,1674617239829937236,1674617242521940236,2692,522.608,496.122,-1.7509405587679199,1.4735837308924122
6044b25c-8189-40b1-abbf-5b700453e1ee,1b83f533-8348-4851-a985-1b3ffab03256,220,1674617242561941236,1674617243402014236,840,453.878,492.442,-6.933766777111433,1.7483640882310039
6044b25c-8189-40b1-abbf-5b700453e1ee,1b83f533-8348-4851-a985-1b3ffab03256,221,1674617243437976236,1674617243749945236,311,522.755,482.251,-1.7407494863609092,2.5202406352880664
6044b25c-8189-40b1-abbf-5b700453e1ee,1b83f533-8348-4851-a985-1b3ffab03256,222,1674617243777922236,1674617243921976236,144,536.274,517.111,-0.7203549815622585,-0.11001601911162784
6044b25c-8189-40b1-abbf-5b700453e1ee,1b83f533-8348-4851-a985-1b3ffab03256,223,1674617244073986236,1674617244361924236,287,517.827,519.953,-2.11081808616321,-0.3242286933429883
6044b25c-8189-40b1-abbf-5b700453e1ee,1b83f533-8348-4851-a985-1b3ffab03256,224,1674617244381909236,1674617248321940236,3940,522.78,497.221,-1.7379438325424028,1.390688048147008
6044b25c-8189-40b1-abbf-5b700453e1ee,1b83f533-8348-4851-a985-1b3ffab03256,225,1674617248438285236,1674617248902561236,464,714.623,786.233,13.273070646221058,-20.21423398411538
6044b25c-8189-40b1-abbf-5b700453e1ee,1b83f533-8348-4851-a985-1b3ffab03256,226,1674617249001922236,1674617249217895236,215,537.504,526.906,-0.6277324159787424,-0.8489855213010212
6044b25c-8189-40b1-abbf-5b700453e1ee,1b83f533-8348-4851-a985-1b3ffab03256,227,1674617249237935236,1674617249814031236,576,517.5,484.261,-2.1369518322299164,2.3684743480996127
6044b25c-8189-40b1-abbf-5b700453e1ee,1b83f533-8348-4851-a985-1b3ffab03256,228,1674617249849944236,1674617250473917236,623,469.219,493.611,-5.776803850763062,1.661206296036497
6044b25c-8189-40b1-abbf-5b700453e1ee,1b83f533-8348-4851-a985-1b3ffab03256,229,1674617250613955236,1674617253473953236,2859,488.65,507.457,-4.3103207868913955,0.6182382155055223
6044b25c-8189-40b1-abbf-5b700453e1ee,1b83f533-8348-4851-a985-1b3ffab03256,230,1674617253510058236,1674617256909922236,3399,495.717,494.842,-3.778615398866697,1.5695650865408461
6044b25c-8189-40b1-abbf-5b700453e1ee,1b83f533-8348-4851-a985-1b3ffab03256,231,1674617256937932236,1674617257137903236,199,509.415,482.648,-2.746893063857522,2.489857918906551
6044b25c-8189-40b1-abbf-5b700453e1ee,1b83f533-8348-4851-a985-1b3ffab03256,232,1674617257165963236,1674617257929946236,763,533.194,520.634,-0.9525370281756541,-0.3757956026108822
6044b25c-8189-40b1-abbf-5b700453e1ee,1b83f533-8348-4851-a985-1b3ffab03256,233,1674617258062241236,1674617258301995236,239,711.281,824.055,13.188294645461237,-23.04793200527141
6044b25c-8189-40b1-abbf-5b700453e1ee,1b83f533-8348-4851-a985-1b3ffab03256,234,1674617258393917236,1674617261185973236,2792,526.038,524.585,-1.4919386655092999,-0.6737714026545425
6044b25c-8189-40b1-abbf-5b700453e1ee,1b83f533-8348-4851-a985-1b3ffab03256,235,1674617261218009236,1674617261953952236,735,456.236,490.225,-6.756463028461863,1.915425024320057
6044b25c-8189-40b1-abbf-5b700453e1ee,1b83f533-8348-4851-a985-1b3ffab03256,236,1674617262009933236,1674617272313929236,10303,532.439,522.3,-1.0094346906270322,-0.5014193841458878
6044b25c-8189-40b1-abbf-5b700453e1ee,1b83f533-8348-4851-a985-1b3ffab03256,237,1674617272493970236,1674617272777873236,283,720.119,855.272,14.072819258074944,-25.36051566251948
6044b25c-8189-40b1-abbf-5b700453e1ee,1b83f533-8348-4851-a985-1b3ffab03256,238,1674617272873919236,1674617277221985236,4348,523.609,528.192,-1.6750669458080125,-0.9457914763786104
6044b25c-8189-40b1-abbf-5b700453e1ee,1b83f533-8348-4851-a985-1b3ffab03256,239,1674617277369928236,1674617277777913236,407,732.429,872.86,15.18702477802661,-26.640712980935277
6044b25c-8189-40b1-abbf-5b700453e1ee,1b83f533-8348-4851-a985-1b3ffab03256,240,1674617278157939236,1674617278393940236,236,555.977,552.727,0.7651847555542812,-2.796516278736974
6044b25c-8189-40b1-abbf-5b700453e1ee,1b83f533-8348-4851-a985-1b3ffab03256,241,1674617278413947236,1674617281417906236,3003,522.371,518.779,-1.7683110576667185,-0.23574190697893377
6044b25c-8189-40b1-abbf-5b700453e1ee,1b83f533-8348-4851-a985-1b3ffab03256,242,1674617281457914236,1674617282121948236,664,453.201,487.924,-6.985907106942408,2.088441470030605
6044b25c-8189-40b1-abbf-5b700453e1ee,1b83f533-8348-4851-a985-1b3ffab03256,243,1674617282173933236,1674617282374055236,200,523.676,514.156,-1.6699948278928618,0.1129803557190195
6044b25c-8189-40b1-abbf-5b700453e1ee,1b83f533-8348-4851-a985-1b3ffab03256,244,1674617282405940236,1674617289961920236,7555,525.716,516.706,-1.5161493311262209,-0.07941321312468401
6044b25c-8189-40b1-abbf-5b700453e1ee,1b83f533-8348-4851-a985-1b3ffab03256,245,1674617289982238236,1674617291149948236,1167,510.267,507.888,-2.6807899251433738,0.5858064544832448
6044b25c-8189-40b1-abbf-5b700453e1ee,1b83f533-8348-4851-a985-1b3ffab03256,246,1674617291181986236,1674617291565915236,383,517.989,527.683,-2.0986627585174316,-0.9072716412444456
6044b25c-8189-40b1-abbf-5b700453e1ee,1b83f533-8348-4851-a985-1b3ffab03256,247,1674617291605927236,1674617296581962236,4976,528.08,516.113,-1.3379776273926123,-0.03463985048282342
6044b25c-8189-40b1-abbf-5b700453e1ee,1b83f533-8348-4851-a985-1b3ffab03256,248,1674617296697921236,1674617296977908236,279,727.097,786.879,14.256998577406552,-20.236079922769832
6044b25c-8189-40b1-abbf-5b700453e1ee,1b83f533-8348-4851-a985-1b3ffab03256,249,1674617297069908236,1674617300641995236,3572,509.541,503.972,-2.7356978014041373,0.8812323635382601
6044b25c-8189-40b1-abbf-5b700453e1ee,1b83f533-8348-4851-a985-1b3ffab03256,250,1674617300661909236,1674617302217994236,1556,524.683,469.553,-1.5963127147886096,3.47867698601375
6044b25c-8189-40b1-abbf-5b700453e1ee,1b83f533-8348-4851-a985-1b3ffab03256,251,1674617302238016236,1674617304909935236,2671,513.039,505.989,-2.4719694998492674,0.7291215066064751
6044b25c-8189-40b1-abbf-5b700453e1ee,1b83f533-8348-4851-a985-1b3ffab03256,252,1674617304929931236,1674617305433958236,504,463.721,504.565,-6.189812035079576,0.8358808874673282
6044b25c-8189-40b1-abbf-5b700453e1ee,1b83f533-8348-4851-a985-1b3ffab03256,253,1674617305454095236,1674617305662605236,208,517.541,480.115,-2.134185347566884,2.681272463267372
6044b25c-8189-40b1-abbf-5b700453e1ee,1b83f533-8348-4851-a985-1b3ffab03256,254,1674617305761942236,1674617306009953236,248,714.112,754.707,13.104606683568546,-17.860766508649135
6044b25c-8189-40b1-abbf-5b700453e1ee,1b83f533-8348-4851-a985-1b3ffab03256,255,1674617306098013236,1674617307901957236,1803,514.615,505.665,-2.353105100981549,0.753545994034188
6044b25c-8189-40b1-abbf-5b700453e1ee,1b83f533-8348-4851-a985-1b3ffab03256,256,1674617307942576236,1674617308449927236,507,447.717,489.744,-7.399047362900572,1.9509370900112202
6044b25c-8189-40b1-abbf-5b700453e1ee,1b83f533-8348-4851-a985-1b3ffab03256,257,1674617308469921236,1674617309533924236,1064,506.588,483.479,-2.9600432046485023,2.427069640369663
6044b25c-8189-40b1-abbf-5b700453e1ee,1b83f533-8348-4851-a985-1b3ffab03256,258,1674617309557915236,1674617314189902236,4631,515.838,491.9,-2.2616677397538276,1.7920431042305707
6044b25c-8189-40b1-abbf-5b700453e1ee,1b83f533-8348-4851-a985-1b3ffab03256,259,1674617314213954236,1674617317593933236,3379,520.98,504.002,-1.8733833843890693,0.8790152078626012
6044b25c-8189-40b1-abbf-5b700453e1ee,1b83f533-8348-4851-a985-1b3ffab03256,260,1674617317613923236,1674617318061977236,448,468.053,469.649,-5.870704583426245,3.4665596560086085
6044b25c-8189-40b1-abbf-5b700453e1ee,1b83f533-8348-4851-a985-1b3ffab03256,261,1674617318097925236,1674617322801909236,4703,519.15,504.947,-2.0113068653022674,0.8077514731242393
6044b25c-8189-40b1-abbf-5b700453e1ee,1b83f533-8348-4851-a985-1b3ffab03256,262,1674617322829925236,1674617322961945236,132,523.838,507.571,-1.6578626763060536,0.6097561648900967
6044b25c-8189-40b1-abbf-5b700453e1ee,1b83f533-8348-4851-a985-1b3ffab03256,263,1674617323114787236,1674617336397971236,13283,519.254,511.357,-2.0033155808538687,0.3241962147182991
6044b25c-8189-40b1-abbf-5b700453e1ee,1b83f533-8348-4851-a985-1b3ffab03256,264,1674617336433974236,1674617336753987236,320,591.658,493.896,3.4551031256075104,1.6409218131606247
6044b25c-8189-40b1-abbf-5b700453e1ee,1b83f533-8348-4851-a985-1b3ffab03256,265,1674617336773928236,1674617337573926236,799,608.586,477.133,4.734291496329954,2.90396336975534
6044b25c-8189-40b1-abbf-5b700453e1ee,1b83f533-8348-4851-a985-1b3ffab03256,266,1674617337597917236,1674617338749941236,1152,569.795,458.019,1.809892264563024,4.348943425758288
6044b25c-8189-40b1-abbf-5b700453e1ee,1b83f533-8348-4851-a985-1b3ffab03256,267,1674617338769948236,1674617339181954236,412,546.901,481.73,0.08061703357203158,2.559889056143978
6044b25c-8189-40b1-abbf-5b700453e1ee,1b83f533-8348-4851-a985-1b3ffab03256,268,1674617339329957236,1674617339633952236,303,583.778,801.371,2.9986850676138554,-21.519921461638226
6044b25c-8189-40b1-abbf-5b700453e1ee,1b83f533-8348-4851-a985-1b3ffab03256,269,1674617339701972236,1674617340390011236,688,640.865,632.324,7.215455794423569,-8.77214782477638
6044b25c-8189-40b1-abbf-5b700453e1ee,1b83f533-8348-4851-a985-1b3ffab03256,270,1674617340601958236,1674617341449971236,848,624.344,629.491,5.958995621849794,-8.566852288213248
6044b25c-8189-40b1-abbf-5b700453e1ee,1b83f533-8348-4851-a985-1b3ffab03256,271,1674617341649918236,1674617341717985236,68,474.457,714.931,-5.503384883399582,-14.996488536180099
6044b25c-8189-40b1-abbf-5b700453e1ee,1b83f533-8348-4851-a985-1b3ffab03256,272,1674617341802688236,1674617342130009236,327,774.233,653.602,17.394570588698475,-10.236188375220763
6044b25c-8189-40b1-abbf-5b700453e1ee,1b83f533-8348-4851-a985-1b3ffab03256,273,1674617342381945236,1674617342509920236,127,404.407,780.513,-11.106199660326743,-19.840380588565793
6044b25c-8189-40b1-abbf-5b700453e1ee,1b83f533-8348-4851-a985-1b3ffab03256,274,1674617342533923236,1674617342909940236,376,417.58,811.845,-10.182524663145633,-22.210861831085186
6044b25c-8189-40b1-abbf-5b700453e1ee,1b83f533-8348-4851-a985-1b3ffab03256,275,1674617343009929236,1674617343261933236,252,689.58,589.176,10.86378287459286,-5.508581605181569
6044b25c-8189-40b1-abbf-5b700453e1ee,1b83f533-8348-4851-a985-1b3ffab03256,276,1674617343330002236,1674617343621922236,291,584.01,555.498,2.8796713908674314,-3.0040528607142614
6044b25c-8189-40b1-abbf-5b700453e1ee,1b83f533-8348-4851-a985-1b3ffab03256,277,1674617343657929236,1674617343766023236,108,473.811,532.754,-5.4291257420397105,-1.287553598923448
6044b25c-8189-40b1-abbf-5b700453e1ee,1b83f533-8348-4851-a985-1b3ffab03256,278,1674617343861933236,1674617343977965236,116,526.126,851.928,-1.5923100368626564,-25.340179291081068
6044b25c-8189-40b1-abbf-5b700453e1ee,1b83f533-8348-4851-a985-1b3ffab03256,279,1674617344034279236,1674617344194153236,159,538.338,882.39,-0.6162844427191416,-27.64411653444489
6044b25c-8189-40b1-abbf-5b700453e1ee,1b83f533-8348-4851-a985-1b3ffab03256,280,1674617344242025236,1674617345137978236,895,505.723,816.691,-3.191596215821225,-22.674029379861803
6044b25c-8189-40b1-abbf-5b700453e1ee,1b83f533-8348-4851-a985-1b3ffab03256,281,1674617345177990236,1674617345578227236,400,561.495,829.533,1.2495530876679182,-23.65095538995037
6044b25c-8189-40b1-abbf-5b700453e1ee,1b83f533-8348-4851-a985-1b3ffab03256,282,1674617345629893236,1674617346749958236,1120,553.363,709.96,0.5791585095654627,-14.644392638566623
6044b25c-8189-40b1-abbf-5b700453e1ee,1b83f533-8348-4851-a985-1b3ffab03256,283,1674617346801912236,1674617347922211236,1120,550.187,805.82,0.3430813899457606,-21.86485137712194
6044b25c-8189-40b1-abbf-5b700453e1ee,1b83f533-8348-4851-a985-1b3ffab03256,284,1674617347953987236,1674617348074019236,120,569.835,821.48,1.910167590345866,-23.041303626838783
6044b25c-8189-40b1-abbf-5b700453e1ee,1b83f533-8348-4851-a985-1b3ffab03256,285,1674617348117941236,1674617348389856236,271,543.412,902.79,-0.20370405248251355,-29.18823348075532
6044b25c-8189-40b1-abbf-5b700453e1ee,1b83f533-8348-4851-a985-1b3ffab03256,286,1674617348477948236,1674617348629976236,152,542.651,680.744,-0.24399714458621022,-12.444409690743445
